ChEMBL ID,Receptor,Species,Purchasable,No. records,Assay type,Min.,Average,Max.,Unit,Mol. weight,Rot. Bonds,H don,H acc,LogP,Smiles,,,,,
CHEMBL4856005,184345,0,None,-1,3,Human,7.0,pEC50,=,7,Functional,AgonistactivityathumanhistamineH2receptorexpressedinHEK293Tcellsco-expressingELucCbybetaarrestin2recruitmentassayAgonistactivityathumanhistamineH2receptorexpressedinHEK293Tcellsco-expressingELucCbybetaarrestin2recruitmentassay,ChEMBL,346,6,4,4,1.8,Cc1nc(N)sc1CCCN/C(N)=N/C(=O)NCc1ccccc1,10.1016/j.ejmech.2021.113190
155559319,174142,0,None,13,2,Human,7.0,pEC50,=,7,Functional,AgonistactivityatrecombinanthumanGs-coupledH2receptorexpressedinHEK293Tcellsassessedasinhibitionofforskolin-stimulatedcAMPaccumulationpreincubatedfor10to15followedbyforskolin-stimulationbyGlo-sensorassayAgonistactivityatrecombinanthumanGs-coupledH2receptorexpressedinHEK293Tcellsassessedasinhibitionofforskolin-stimulatedcAMPaccumulationpreincubatedfor10to15followedbyforskolin-stimulationbyGlo-sensorassay,ChEMBL,239,1,1,3,3.2,CC1CCCc2c(-c3ccccc3)nc(N)nc21,10.1021/acs.jmedchem.9b00241
CHEMBL4563363,174142,0,None,13,2,Human,7.0,pEC50,=,7,Functional,AgonistactivityatrecombinanthumanGs-coupledH2receptorexpressedinHEK293Tcellsassessedasinhibitionofforskolin-stimulatedcAMPaccumulationpreincubatedfor10to15followedbyforskolin-stimulationbyGlo-sensorassayAgonistactivityatrecombinanthumanGs-coupledH2receptorexpressedinHEK293Tcellsassessedasinhibitionofforskolin-stimulatedcAMPaccumulationpreincubatedfor10to15followedbyforskolin-stimulationbyGlo-sensorassay,ChEMBL,239,1,1,3,3.2,CC1CCCc2c(-c3ccccc3)nc(N)nc21,10.1021/acs.jmedchem.9b00241
46887041,8644,0,None,-5,5,Human,6.9,pEC50,=,6.9,Functional,AgonistactivityatGsalphaS-fusedhumanhistamineH2receptorexpressedinSf9cellsby[35S]GTPgammaSbindingassayAgonistactivityatGsalphaS-fusedhumanhistamineH2receptorexpressedinSf9cellsby[35S]GTPgammaSbindingassay,ChEMBL,313,7,4,3,2.2,C[C@H](CC(=O)NC(=N)NCCCc1c[nH]cn1)c1ccccc1,10.1016/j.bmcl.2010.03.082
CHEMBL1096428,8644,0,None,-5,5,Human,6.9,pEC50,=,6.9,Functional,AgonistactivityatGsalphaS-fusedhumanhistamineH2receptorexpressedinSf9cellsby[35S]GTPgammaSbindingassayAgonistactivityatGsalphaS-fusedhumanhistamineH2receptorexpressedinSf9cellsby[35S]GTPgammaSbindingassay,ChEMBL,313,7,4,3,2.2,C[C@H](CC(=O)NC(=N)NCCCc1c[nH]cn1)c1ccccc1,10.1016/j.bmcl.2010.03.082
1204,1879,109,None,-64,11,Human,5.9,pEC50,=,5.9,Functional,AgonistactivityathumanhistamineH2receptorexpressedinSf9cellscoexpressingGsalphaSproteinbysteady-stateGTPaseassayAgonistactivityathumanhistamineH2receptorexpressedinSf9cellscoexpressingGsalphaSproteinbysteady-stateGTPaseassay,ChEMBL,111,2,2,2,-0.1,NCCc1cnc[nH]1,10.1021/jm900526h
1247,1879,109,None,-64,11,Human,5.9,pEC50,=,5.9,Functional,AgonistactivityathumanhistamineH2receptorexpressedinSf9cellscoexpressingGsalphaSproteinbysteady-stateGTPaseassayAgonistactivityathumanhistamineH2receptorexpressedinSf9cellscoexpressingGsalphaSproteinbysteady-stateGTPaseassay,ChEMBL,111,2,2,2,-0.1,NCCc1cnc[nH]1,10.1021/jm900526h
1375,1879,109,None,-64,11,Human,5.9,pEC50,=,5.9,Functional,AgonistactivityathumanhistamineH2receptorexpressedinSf9cellscoexpressingGsalphaSproteinbysteady-stateGTPaseassayAgonistactivityathumanhistamineH2receptorexpressedinSf9cellscoexpressingGsalphaSproteinbysteady-stateGTPaseassay,ChEMBL,111,2,2,2,-0.1,NCCc1cnc[nH]1,10.1021/jm900526h
774,1879,109,None,-64,11,Human,5.9,pEC50,=,5.9,Functional,AgonistactivityathumanhistamineH2receptorexpressedinSf9cellscoexpressingGsalphaSproteinbysteady-stateGTPaseassayAgonistactivityathumanhistamineH2receptorexpressedinSf9cellscoexpressingGsalphaSproteinbysteady-stateGTPaseassay,ChEMBL,111,2,2,2,-0.1,NCCc1cnc[nH]1,10.1021/jm900526h
CHEMBL90,1879,109,None,-64,11,Human,5.9,pEC50,=,5.9,Functional,AgonistactivityathumanhistamineH2receptorexpressedinSf9cellscoexpressingGsalphaSproteinbysteady-stateGTPaseassayAgonistactivityathumanhistamineH2receptorexpressedinSf9cellscoexpressingGsalphaSproteinbysteady-stateGTPaseassay,ChEMBL,111,2,2,2,-0.1,NCCc1cnc[nH]1,10.1021/jm900526h
DB05381,1879,109,None,-64,11,Human,5.9,pEC50,=,5.9,Functional,AgonistactivityathumanhistamineH2receptorexpressedinSf9cellscoexpressingGsalphaSproteinbysteady-stateGTPaseassayAgonistactivityathumanhistamineH2receptorexpressedinSf9cellscoexpressingGsalphaSproteinbysteady-stateGTPaseassay,ChEMBL,111,2,2,2,-0.1,NCCc1cnc[nH]1,10.1021/jm900526h
1204,1879,109,None,-64,11,Human,5.9,pEC50,=,5.9,Functional,AgonistactivityathumanrecombinanthistamineH2receptor-GsalphasfusionproteinexpressedinSf9cellsassessedas[35S]GTPgammaSbindingafter90minsbyliquidscintillationcountingAgonistactivityathumanrecombinanthistamineH2receptor-GsalphasfusionproteinexpressedinSf9cellsassessedas[35S]GTPgammaSbindingafter90minsbyliquidscintillationcounting,ChEMBL,111,2,2,2,-0.1,NCCc1cnc[nH]1,10.1039/C3MD00245D
1247,1879,109,None,-64,11,Human,5.9,pEC50,=,5.9,Functional,AgonistactivityathumanrecombinanthistamineH2receptor-GsalphasfusionproteinexpressedinSf9cellsassessedas[35S]GTPgammaSbindingafter90minsbyliquidscintillationcountingAgonistactivityathumanrecombinanthistamineH2receptor-GsalphasfusionproteinexpressedinSf9cellsassessedas[35S]GTPgammaSbindingafter90minsbyliquidscintillationcounting,ChEMBL,111,2,2,2,-0.1,NCCc1cnc[nH]1,10.1039/C3MD00245D
1375,1879,109,None,-64,11,Human,5.9,pEC50,=,5.9,Functional,AgonistactivityathumanrecombinanthistamineH2receptor-GsalphasfusionproteinexpressedinSf9cellsassessedas[35S]GTPgammaSbindingafter90minsbyliquidscintillationcountingAgonistactivityathumanrecombinanthistamineH2receptor-GsalphasfusionproteinexpressedinSf9cellsassessedas[35S]GTPgammaSbindingafter90minsbyliquidscintillationcounting,ChEMBL,111,2,2,2,-0.1,NCCc1cnc[nH]1,10.1039/C3MD00245D
774,1879,109,None,-64,11,Human,5.9,pEC50,=,5.9,Functional,AgonistactivityathumanrecombinanthistamineH2receptor-GsalphasfusionproteinexpressedinSf9cellsassessedas[35S]GTPgammaSbindingafter90minsbyliquidscintillationcountingAgonistactivityathumanrecombinanthistamineH2receptor-GsalphasfusionproteinexpressedinSf9cellsassessedas[35S]GTPgammaSbindingafter90minsbyliquidscintillationcounting,ChEMBL,111,2,2,2,-0.1,NCCc1cnc[nH]1,10.1039/C3MD00245D
CHEMBL90,1879,109,None,-64,11,Human,5.9,pEC50,=,5.9,Functional,AgonistactivityathumanrecombinanthistamineH2receptor-GsalphasfusionproteinexpressedinSf9cellsassessedas[35S]GTPgammaSbindingafter90minsbyliquidscintillationcountingAgonistactivityathumanrecombinanthistamineH2receptor-GsalphasfusionproteinexpressedinSf9cellsassessedas[35S]GTPgammaSbindingafter90minsbyliquidscintillationcounting,ChEMBL,111,2,2,2,-0.1,NCCc1cnc[nH]1,10.1039/C3MD00245D
DB05381,1879,109,None,-64,11,Human,5.9,pEC50,=,5.9,Functional,AgonistactivityathumanrecombinanthistamineH2receptor-GsalphasfusionproteinexpressedinSf9cellsassessedas[35S]GTPgammaSbindingafter90minsbyliquidscintillationcountingAgonistactivityathumanrecombinanthistamineH2receptor-GsalphasfusionproteinexpressedinSf9cellsassessedas[35S]GTPgammaSbindingafter90minsbyliquidscintillationcounting,ChEMBL,111,2,2,2,-0.1,NCCc1cnc[nH]1,10.1039/C3MD00245D
44482302,5523,0,None,-,1,Human,4.9,pEC50,=,4.9,Functional,AgonistactivityathumanhistamineH2receptorexpressedinSf9cellscoexpressingGsalphaSproteinbysteady-stateGTPaseassayAgonistactivityathumanhistamineH2receptorexpressedinSf9cellscoexpressingGsalphaSproteinbysteady-stateGTPaseassay,ChEMBL,321,6,4,4,1.2,Cc1ccc(S(=O)(=O)NC(=N)NCCCc2c[nH]cn2)cc1,10.1021/jm900526h
CHEMBL1077596,5523,0,None,-,1,Human,4.9,pEC50,=,4.9,Functional,AgonistactivityathumanhistamineH2receptorexpressedinSf9cellscoexpressingGsalphaSproteinbysteady-stateGTPaseassayAgonistactivityathumanhistamineH2receptorexpressedinSf9cellscoexpressingGsalphaSproteinbysteady-stateGTPaseassay,ChEMBL,321,6,4,4,1.2,Cc1ccc(S(=O)(=O)NC(=N)NCCCc2c[nH]cn2)cc1,10.1021/jm900526h
44481217,5690,0,None,-,1,Human,4.9,pEC50,=,4.9,Functional,AgonistactivityathumanhistamineH2receptorexpressedinSf9cellscoexpressingGsalphaSproteinbysteady-stateGTPaseassayAgonistactivityathumanhistamineH2receptorexpressedinSf9cellscoexpressingGsalphaSproteinbysteady-stateGTPaseassay,ChEMBL,335,8,4,4,1.0,N=C(NCCCc1c[nH]cn1)NS(=O)(=O)CCc1ccccc1,10.1021/jm900526h
CHEMBL1078747,5690,0,None,-,1,Human,4.9,pEC50,=,4.9,Functional,AgonistactivityathumanhistamineH2receptorexpressedinSf9cellscoexpressingGsalphaSproteinbysteady-stateGTPaseassayAgonistactivityathumanhistamineH2receptorexpressedinSf9cellscoexpressingGsalphaSproteinbysteady-stateGTPaseassay,ChEMBL,335,8,4,4,1.0,N=C(NCCCc1c[nH]cn1)NS(=O)(=O)CCc1ccccc1,10.1021/jm900526h
1204,1879,109,None,-64,11,Human,5.9,pEC50,=,5.9,Functional,AgonistactivityatGsalphaS-fusedhumanhistamineH2receptorexpressedinSf9cellsby[35S]GTPgammaSbindingassayAgonistactivityatGsalphaS-fusedhumanhistamineH2receptorexpressedinSf9cellsby[35S]GTPgammaSbindingassay,ChEMBL,111,2,2,2,-0.1,NCCc1cnc[nH]1,10.1016/j.bmcl.2010.03.082
1247,1879,109,None,-64,11,Human,5.9,pEC50,=,5.9,Functional,AgonistactivityatGsalphaS-fusedhumanhistamineH2receptorexpressedinSf9cellsby[35S]GTPgammaSbindingassayAgonistactivityatGsalphaS-fusedhumanhistamineH2receptorexpressedinSf9cellsby[35S]GTPgammaSbindingassay,ChEMBL,111,2,2,2,-0.1,NCCc1cnc[nH]1,10.1016/j.bmcl.2010.03.082
1375,1879,109,None,-64,11,Human,5.9,pEC50,=,5.9,Functional,AgonistactivityatGsalphaS-fusedhumanhistamineH2receptorexpressedinSf9cellsby[35S]GTPgammaSbindingassayAgonistactivityatGsalphaS-fusedhumanhistamineH2receptorexpressedinSf9cellsby[35S]GTPgammaSbindingassay,ChEMBL,111,2,2,2,-0.1,NCCc1cnc[nH]1,10.1016/j.bmcl.2010.03.082
774,1879,109,None,-64,11,Human,5.9,pEC50,=,5.9,Functional,AgonistactivityatGsalphaS-fusedhumanhistamineH2receptorexpressedinSf9cellsby[35S]GTPgammaSbindingassayAgonistactivityatGsalphaS-fusedhumanhistamineH2receptorexpressedinSf9cellsby[35S]GTPgammaSbindingassay,ChEMBL,111,2,2,2,-0.1,NCCc1cnc[nH]1,10.1016/j.bmcl.2010.03.082
CHEMBL90,1879,109,None,-64,11,Human,5.9,pEC50,=,5.9,Functional,AgonistactivityatGsalphaS-fusedhumanhistamineH2receptorexpressedinSf9cellsby[35S]GTPgammaSbindingassayAgonistactivityatGsalphaS-fusedhumanhistamineH2receptorexpressedinSf9cellsby[35S]GTPgammaSbindingassay,ChEMBL,111,2,2,2,-0.1,NCCc1cnc[nH]1,10.1016/j.bmcl.2010.03.082
DB05381,1879,109,None,-64,11,Human,5.9,pEC50,=,5.9,Functional,AgonistactivityatGsalphaS-fusedhumanhistamineH2receptorexpressedinSf9cellsby[35S]GTPgammaSbindingassayAgonistactivityatGsalphaS-fusedhumanhistamineH2receptorexpressedinSf9cellsby[35S]GTPgammaSbindingassay,ChEMBL,111,2,2,2,-0.1,NCCc1cnc[nH]1,10.1016/j.bmcl.2010.03.082
1204,1879,109,None,-64,11,Human,5.9,pEC50,=,5.9,Functional,AgonistactivityathumanH2R-GsalphasexpressedinSf9cellsat0.1nMto10uMbysteadystateGTPaseactivityassayAgonistactivityathumanH2R-GsalphasexpressedinSf9cellsat0.1nMto10uMbysteadystateGTPaseactivityassay,ChEMBL,111,2,2,2,-0.1,NCCc1cnc[nH]1,10.1021/jm201128q
1247,1879,109,None,-64,11,Human,5.9,pEC50,=,5.9,Functional,AgonistactivityathumanH2R-GsalphasexpressedinSf9cellsat0.1nMto10uMbysteadystateGTPaseactivityassayAgonistactivityathumanH2R-GsalphasexpressedinSf9cellsat0.1nMto10uMbysteadystateGTPaseactivityassay,ChEMBL,111,2,2,2,-0.1,NCCc1cnc[nH]1,10.1021/jm201128q
1375,1879,109,None,-64,11,Human,5.9,pEC50,=,5.9,Functional,AgonistactivityathumanH2R-GsalphasexpressedinSf9cellsat0.1nMto10uMbysteadystateGTPaseactivityassayAgonistactivityathumanH2R-GsalphasexpressedinSf9cellsat0.1nMto10uMbysteadystateGTPaseactivityassay,ChEMBL,111,2,2,2,-0.1,NCCc1cnc[nH]1,10.1021/jm201128q
774,1879,109,None,-64,11,Human,5.9,pEC50,=,5.9,Functional,AgonistactivityathumanH2R-GsalphasexpressedinSf9cellsat0.1nMto10uMbysteadystateGTPaseactivityassayAgonistactivityathumanH2R-GsalphasexpressedinSf9cellsat0.1nMto10uMbysteadystateGTPaseactivityassay,ChEMBL,111,2,2,2,-0.1,NCCc1cnc[nH]1,10.1021/jm201128q
CHEMBL90,1879,109,None,-64,11,Human,5.9,pEC50,=,5.9,Functional,AgonistactivityathumanH2R-GsalphasexpressedinSf9cellsat0.1nMto10uMbysteadystateGTPaseactivityassayAgonistactivityathumanH2R-GsalphasexpressedinSf9cellsat0.1nMto10uMbysteadystateGTPaseactivityassay,ChEMBL,111,2,2,2,-0.1,NCCc1cnc[nH]1,10.1021/jm201128q
DB05381,1879,109,None,-64,11,Human,5.9,pEC50,=,5.9,Functional,AgonistactivityathumanH2R-GsalphasexpressedinSf9cellsat0.1nMto10uMbysteadystateGTPaseactivityassayAgonistactivityathumanH2R-GsalphasexpressedinSf9cellsat0.1nMto10uMbysteadystateGTPaseactivityassay,ChEMBL,111,2,2,2,-0.1,NCCc1cnc[nH]1,10.1021/jm201128q
13170764,174358,0,None,2,2,Human,5.9,pEC50,=,5.9,Functional,AgonistactivityatrecombinanthumanGs-coupledH2receptorexpressedinHEK293Tcellsassessedasinhibitionofforskolin-stimulatedcAMPaccumulationpreincubatedfor10to15followedbyforskolin-stimulationbyGlo-sensorassayAgonistactivityatrecombinanthumanGs-coupledH2receptorexpressedinHEK293Tcellsassessedasinhibitionofforskolin-stimulatedcAMPaccumulationpreincubatedfor10to15followedbyforskolin-stimulationbyGlo-sensorassay,ChEMBL,255,2,1,4,2.6,COc1ccc(-c2nc(N)nc3c2CCCC3)cc1,10.1021/acs.jmedchem.9b00241
CHEMBL4568452,174358,0,None,2,2,Human,5.9,pEC50,=,5.9,Functional,AgonistactivityatrecombinanthumanGs-coupledH2receptorexpressedinHEK293Tcellsassessedasinhibitionofforskolin-stimulatedcAMPaccumulationpreincubatedfor10to15followedbyforskolin-stimulationbyGlo-sensorassayAgonistactivityatrecombinanthumanGs-coupledH2receptorexpressedinHEK293Tcellsassessedasinhibitionofforskolin-stimulatedcAMPaccumulationpreincubatedfor10to15followedbyforskolin-stimulationbyGlo-sensorassay,ChEMBL,255,2,1,4,2.6,COc1ccc(-c2nc(N)nc3c2CCCC3)cc1,10.1021/acs.jmedchem.9b00241
56954513,81589,0,None,-3,2,Human,7.9,pEC50,=,7.9,Functional,AgonistactivityathumanH2R-GsalphasexpressedinSf9cellsat0.1nMto10uMbysteadystateGTPaseactivityassayAgonistactivityathumanH2R-GsalphasexpressedinSf9cellsat0.1nMto10uMbysteadystateGTPaseactivityassay,ChEMBL,578,17,6,8,2.6,Cc1nc(N)sc1CCCN/C(N)=N/C(=O)CCCCCCCCC(=O)/N=C(\N)NCCCc1cnc(N)s1,10.1021/jm201128q
CHEMBL2165645,81589,0,None,-3,2,Human,7.9,pEC50,=,7.9,Functional,AgonistactivityathumanH2R-GsalphasexpressedinSf9cellsat0.1nMto10uMbysteadystateGTPaseactivityassayAgonistactivityathumanH2R-GsalphasexpressedinSf9cellsat0.1nMto10uMbysteadystateGTPaseactivityassay,ChEMBL,578,17,6,8,2.6,Cc1nc(N)sc1CCCN/C(N)=N/C(=O)CCCCCCCCC(=O)/N=C(\N)NCCCc1cnc(N)s1,10.1021/jm201128q
CHEMBL4853107,184160,0,None,3,3,Human,6.9,pEC50,=,6.9,Functional,AgonistactivityathumanhistamineH2receptorexpressedinHEK293Tcellsco-expressingELucCbybetaarrestin2recruitmentassayAgonistactivityathumanhistamineH2receptorexpressedinHEK293Tcellsco-expressingELucCbybetaarrestin2recruitmentassay,ChEMBL,402,8,4,4,2.8,Cc1ccc(CC(C)CNC(=O)/N=C(\N)NCCCc2sc(N)nc2C)cc1,10.1016/j.ejmech.2021.113190
13170764,174358,0,None,2,2,Human,5.9,pEC50,=,5.9,Functional,AgonistactivityatrecombinanthumanGs-coupledH2receptorexpressedinHEK293Tcellsassessedasinhibitionofforskolin-stimulatedcAMPaccumulationpreincubatedfor10to15followedbyforskolin-stimulationbyGlo-sensorassayAgonistactivityatrecombinanthumanGs-coupledH2receptorexpressedinHEK293Tcellsassessedasinhibitionofforskolin-stimulatedcAMPaccumulationpreincubatedfor10to15followedbyforskolin-stimulationbyGlo-sensorassay,ChEMBL,255,2,1,4,2.6,COc1ccc(-c2nc(N)nc3c2CCCC3)cc1,10.1021/acs.jmedchem.9b00241
CHEMBL4568452,174358,0,None,2,2,Human,5.9,pEC50,=,5.9,Functional,AgonistactivityatrecombinanthumanGs-coupledH2receptorexpressedinHEK293Tcellsassessedasinhibitionofforskolin-stimulatedcAMPaccumulationpreincubatedfor10to15followedbyforskolin-stimulationbyGlo-sensorassayAgonistactivityatrecombinanthumanGs-coupledH2receptorexpressedinHEK293Tcellsassessedasinhibitionofforskolin-stimulatedcAMPaccumulationpreincubatedfor10to15followedbyforskolin-stimulationbyGlo-sensorassay,ChEMBL,255,2,1,4,2.6,COc1ccc(-c2nc(N)nc3c2CCCC3)cc1,10.1021/acs.jmedchem.9b00241
44481489,5610,0,None,-18,2,Human,4.9,pEC50,=,4.9,Functional,AgonistactivityathumanhistamineH2receptorexpressedinSf9cellscoexpressingGsalphaSproteinbysteady-stateGTPaseassayAgonistactivityathumanhistamineH2receptorexpressedinSf9cellscoexpressingGsalphaSproteinbysteady-stateGTPaseassay,ChEMBL,310,8,3,3,2.0,N#C/N=C(\NCCCc1ccccc1)NCCCc1c[nH]cn1,10.1021/jm900526h
CHEMBL1078210,5610,0,None,-18,2,Human,4.9,pEC50,=,4.9,Functional,AgonistactivityathumanhistamineH2receptorexpressedinSf9cellscoexpressingGsalphaSproteinbysteady-stateGTPaseassayAgonistactivityathumanhistamineH2receptorexpressedinSf9cellscoexpressingGsalphaSproteinbysteady-stateGTPaseassay,ChEMBL,310,8,3,3,2.0,N#C/N=C(\NCCCc1ccccc1)NCCCc1c[nH]cn1,10.1021/jm900526h
CHEMBL4876743,185724,0,None,-,1,Human,6.8,pEC50,=,6.8,Functional,Agonistactivityathumanhistaminereceptorexpressedinsf9insectcellmembranesco-exprssingGsalphaSincubatedfor90mins[35S]GTPgammaSbindingbasedmicrobetascintillationcountinganalysisAgonistactivityathumanhistaminereceptorexpressedinsf9insectcellmembranesco-exprssingGsalphaSincubatedfor90mins[35S]GTPgammaSbindingbasedmicrobetascintillationcountinganalysis,ChEMBL,338,5,4,4,1.9,Cc1nc(N)sc1CCCN/C(N)=N/C(=O)NC1CCCCC1,10.1016/j.ejmech.2021.113190
CHEMBL4876799,185730,0,None,-,1,Human,6.8,pEC50,=,6.8,Functional,Agonistactivityathumanhistaminereceptorexpressedinsf9insectcellmembranesco-exprssingGsalphaSincubatedfor90mins[35S]GTPgammaSbindingbasedmicrobetascintillationcountinganalysisAgonistactivityathumanhistaminereceptorexpressedinsf9insectcellmembranesco-exprssingGsalphaSincubatedfor90mins[35S]GTPgammaSbindingbasedmicrobetascintillationcountinganalysis,ChEMBL,338,6,4,4,1.8,CCCCCCNC(=O)/N=C(\N)NC1CCc2nc(N)sc2C1,10.1016/j.ejmech.2021.113190
56954517,81572,0,None,-14,2,Human,6.8,pEC50,=,6.8,Functional,AgonistactivityathumanH2R-GsalphasexpressedinSf9cellsat0.1nMto10uMbysteadystateGTPaseactivityassayAgonistactivityathumanH2R-GsalphasexpressedinSf9cellsat0.1nMto10uMbysteadystateGTPaseactivityassay,ChEMBL,502,17,6,6,0.5,N/C(=N\C(=O)CCCCCCCCC(=O)/N=C(\N)NCCCc1ncn[nH]1)NCCCc1ncn[nH]1,10.1021/jm201128q
CHEMBL2165629,81572,0,None,-14,2,Human,6.8,pEC50,=,6.8,Functional,AgonistactivityathumanH2R-GsalphasexpressedinSf9cellsat0.1nMto10uMbysteadystateGTPaseactivityassayAgonistactivityathumanH2R-GsalphasexpressedinSf9cellsat0.1nMto10uMbysteadystateGTPaseactivityassay,ChEMBL,502,17,6,6,0.5,N/C(=N\C(=O)CCCCCCCCC(=O)/N=C(\N)NCCCc1ncn[nH]1)NCCCc1ncn[nH]1,10.1021/jm201128q
CHEMBL4856572,184389,0,None,-,1,Human,6.8,pEC50,=,6.8,Functional,AgonistactivityathumanhistamineH2receptorexpressedinHEK293Tcellsco-expressingELucCbybetaarrestin2recruitmentassayAgonistactivityathumanhistamineH2receptorexpressedinHEK293Tcellsco-expressingELucCbybetaarrestin2recruitmentassay,ChEMBL,402,8,4,4,3.0,Cc1nc(N)sc1CCCN/C(N)=N/C(=O)NCC(c1ccccc1)C(C)C,10.1016/j.ejmech.2021.113190
1204,1879,109,None,-64,11,Human,5.8,pEC50,=,5.8,Functional,AntagonistactivityatGsalphas-coupledhumanH2RexpressedinbaculovirusinfectedSf9cellsincubatedfor60minsinpresenceofhistaminebyGTPgammaSbindingassayAntagonistactivityatGsalphas-coupledhumanH2RexpressedinbaculovirusinfectedSf9cellsincubatedfor60minsinpresenceofhistaminebyGTPgammaSbindingassay,ChEMBL,111,2,2,2,-0.1,NCCc1cnc[nH]1,10.1021/acsmedchemlett.0c00033
1247,1879,109,None,-64,11,Human,5.8,pEC50,=,5.8,Functional,AntagonistactivityatGsalphas-coupledhumanH2RexpressedinbaculovirusinfectedSf9cellsincubatedfor60minsinpresenceofhistaminebyGTPgammaSbindingassayAntagonistactivityatGsalphas-coupledhumanH2RexpressedinbaculovirusinfectedSf9cellsincubatedfor60minsinpresenceofhistaminebyGTPgammaSbindingassay,ChEMBL,111,2,2,2,-0.1,NCCc1cnc[nH]1,10.1021/acsmedchemlett.0c00033
1375,1879,109,None,-64,11,Human,5.8,pEC50,=,5.8,Functional,AntagonistactivityatGsalphas-coupledhumanH2RexpressedinbaculovirusinfectedSf9cellsincubatedfor60minsinpresenceofhistaminebyGTPgammaSbindingassayAntagonistactivityatGsalphas-coupledhumanH2RexpressedinbaculovirusinfectedSf9cellsincubatedfor60minsinpresenceofhistaminebyGTPgammaSbindingassay,ChEMBL,111,2,2,2,-0.1,NCCc1cnc[nH]1,10.1021/acsmedchemlett.0c00033
774,1879,109,None,-64,11,Human,5.8,pEC50,=,5.8,Functional,AntagonistactivityatGsalphas-coupledhumanH2RexpressedinbaculovirusinfectedSf9cellsincubatedfor60minsinpresenceofhistaminebyGTPgammaSbindingassayAntagonistactivityatGsalphas-coupledhumanH2RexpressedinbaculovirusinfectedSf9cellsincubatedfor60minsinpresenceofhistaminebyGTPgammaSbindingassay,ChEMBL,111,2,2,2,-0.1,NCCc1cnc[nH]1,10.1021/acsmedchemlett.0c00033
CHEMBL90,1879,109,None,-64,11,Human,5.8,pEC50,=,5.8,Functional,AntagonistactivityatGsalphas-coupledhumanH2RexpressedinbaculovirusinfectedSf9cellsincubatedfor60minsinpresenceofhistaminebyGTPgammaSbindingassayAntagonistactivityatGsalphas-coupledhumanH2RexpressedinbaculovirusinfectedSf9cellsincubatedfor60minsinpresenceofhistaminebyGTPgammaSbindingassay,ChEMBL,111,2,2,2,-0.1,NCCc1cnc[nH]1,10.1021/acsmedchemlett.0c00033
DB05381,1879,109,None,-64,11,Human,5.8,pEC50,=,5.8,Functional,AntagonistactivityatGsalphas-coupledhumanH2RexpressedinbaculovirusinfectedSf9cellsincubatedfor60minsinpresenceofhistaminebyGTPgammaSbindingassayAntagonistactivityatGsalphas-coupledhumanH2RexpressedinbaculovirusinfectedSf9cellsincubatedfor60minsinpresenceofhistaminebyGTPgammaSbindingassay,ChEMBL,111,2,2,2,-0.1,NCCc1cnc[nH]1,10.1021/acsmedchemlett.0c00033
56954002,81576,0,None,1,2,Human,7.8,pEC50,=,7.8,Functional,AgonistactivityathumanH2R-GsalphasexpressedinSf9cellsat0.1nMto10uMbysteadystateGTPaseactivityassayAgonistactivityathumanH2R-GsalphasexpressedinSf9cellsat0.1nMto10uMbysteadystateGTPaseactivityassay,ChEMBL,620,19,6,8,3.7,Cc1nc(N)sc1CCCN/C(N)=N/C(=O)CCCCCCCCCCC(=O)/N=C(\N)NCCCc1sc(N)nc1C,10.1021/jm201128q
CHEMBL2165633,81576,0,None,1,2,Human,7.8,pEC50,=,7.8,Functional,AgonistactivityathumanH2R-GsalphasexpressedinSf9cellsat0.1nMto10uMbysteadystateGTPaseactivityassayAgonistactivityathumanH2R-GsalphasexpressedinSf9cellsat0.1nMto10uMbysteadystateGTPaseactivityassay,ChEMBL,620,19,6,8,3.7,Cc1nc(N)sc1CCCN/C(N)=N/C(=O)CCCCCCCCCCC(=O)/N=C(\N)NCCCc1sc(N)nc1C,10.1021/jm201128q
44414337,79647,0,None,-1,2,Human,6.8,pEC50,=,6.8,Functional,AgonistactivityathumanH2RAgonistactivityathumanH2R,ChEMBL,945,24,3,9,8.3,CC1(C)C(/C=C/C=C/C=C2/N(CCCCCC(=O)NCC/N=C(\NC#N)NCCCOc3cccc(CN4CCCCC4)c3)c3ccccc3C2(C)C)=[N+](CCCCS(=O)(=O)[O-])c2ccccc21,10.1016/j.bmcl.2006.05.039
CHEMBL213357,79647,0,None,-1,2,Human,6.8,pEC50,=,6.8,Functional,AgonistactivityathumanH2RAgonistactivityathumanH2R,ChEMBL,945,24,3,9,8.3,CC1(C)C(/C=C/C=C/C=C2/N(CCCCCC(=O)NCC/N=C(\NC#N)NCCCOc3cccc(CN4CCCCC4)c3)c3ccccc3C2(C)C)=[N+](CCCCS(=O)(=O)[O-])c2ccccc21,10.1016/j.bmcl.2006.05.039
90667237,108892,0,None,-,1,Human,4.8,pEC50,=,4.8,Functional,AgonistactivityathumanrecombinanthistamineH2receptor-GsalphasfusionproteinexpressedinSf9cellsassessedas[35S]GTPgammaSbindingafter90minsbyliquidscintillationcountingAgonistactivityathumanrecombinanthistamineH2receptor-GsalphasfusionproteinexpressedinSf9cellsassessedas[35S]GTPgammaSbindingafter90minsbyliquidscintillationcounting,ChEMBL,356,9,3,4,2.8,Cc1nc(CCCCN/C(=N\C#N)NCCSc2ccccc2)c[nH]1,10.1039/C3MD00245D
CHEMBL3220638,108892,0,None,-,1,Human,4.8,pEC50,=,4.8,Functional,AgonistactivityathumanrecombinanthistamineH2receptor-GsalphasfusionproteinexpressedinSf9cellsassessedas[35S]GTPgammaSbindingafter90minsbyliquidscintillationcountingAgonistactivityathumanrecombinanthistamineH2receptor-GsalphasfusionproteinexpressedinSf9cellsassessedas[35S]GTPgammaSbindingafter90minsbyliquidscintillationcounting,ChEMBL,356,9,3,4,2.8,Cc1nc(CCCCN/C(=N\C#N)NCCSc2ccccc2)c[nH]1,10.1039/C3MD00245D
CHEMBL4864067,184873,0,None,-,1,Human,6.8,pEC50,=,6.8,Functional,AgonistactivityathumanhistamineH2receptorexpressedinHEK293Tcellsco-expressingELucCbybetaarrestin2recruitmentassayAgonistactivityathumanhistamineH2receptorexpressedinHEK293Tcellsco-expressingELucCbybetaarrestin2recruitmentassay,ChEMBL,360,7,4,4,1.8,Cc1nc(N)sc1CCCN/C(N)=N/C(=O)NCCc1ccccc1,10.1016/j.ejmech.2021.113190
CHEMBL4874758,185578,0,None,-,1,Human,6.8,pEC50,=,6.8,Functional,AgonistactivityathumanhistamineH2receptorexpressedinHEK293Tcellsco-expressingELucCbybetaarrestin2recruitmentassayAgonistactivityathumanhistamineH2receptorexpressedinHEK293Tcellsco-expressingELucCbybetaarrestin2recruitmentassay,ChEMBL,298,6,4,4,1.0,CCCNC(=O)/N=C(\N)NCCCc1sc(N)nc1C,10.1016/j.ejmech.2021.113190
CHEMBL4857560,184454,0,None,4,3,Human,7.8,pEC50,=,7.8,Functional,Agonistactivityathumanhistaminereceptorexpressedinsf9insectcellmembranesco-exprssingGsalphaSincubatedfor90mins[35S]GTPgammaSbindingbasedmicrobetascintillationcountinganalysisAgonistactivityathumanhistaminereceptorexpressedinsf9insectcellmembranesco-exprssingGsalphaSincubatedfor90mins[35S]GTPgammaSbindingbasedmicrobetascintillationcountinganalysis,ChEMBL,394,8,4,4,3.2,Cc1nc(N)sc1CCCN/C(N)=N/C(=O)NCC(C)CC1CCCCC1,10.1016/j.ejmech.2021.113190
CHEMBL4860528,184634,0,None,-30,4,Human,6.8,pEC50,=,6.8,Functional,AgonistactivityathumanhistamineH2receptorexpressedinHEK293Tcellsco-expressingELucCbybetaarrestin2recruitmentassayAgonistactivityathumanhistamineH2receptorexpressedinHEK293Tcellsco-expressingELucCbybetaarrestin2recruitmentassay,ChEMBL,326,8,4,4,1.8,CCCCCNC(=O)/N=C(\N)NCCCc1sc(N)nc1C,10.1016/j.ejmech.2021.113190
CHEMBL4874758,185578,0,None,-,1,Human,6.8,pEC50,=,6.8,Functional,Agonistactivityathumanhistaminereceptorexpressedinsf9insectcellmembranesco-exprssingGsalphaSincubatedfor90mins[35S]GTPgammaSbindingbasedmicrobetascintillationcountinganalysisAgonistactivityathumanhistaminereceptorexpressedinsf9insectcellmembranesco-exprssingGsalphaSincubatedfor90mins[35S]GTPgammaSbindingbasedmicrobetascintillationcountinganalysis,ChEMBL,298,6,4,4,1.0,CCCNC(=O)/N=C(\N)NCCCc1sc(N)nc1C,10.1016/j.ejmech.2021.113190
46887042,8646,0,None,-6,5,Human,7.7,pEC50,=,7.7,Functional,AgonistactivityatGsalphaS-fusedhumanhistamineH2receptorexpressedinSf9cellsby[35S]GTPgammaSbindingassayAgonistactivityatGsalphaS-fusedhumanhistamineH2receptorexpressedinSf9cellsby[35S]GTPgammaSbindingassay,ChEMBL,319,7,4,3,2.6,C[C@H](CC(=O)NC(=N)NCCCc1c[nH]cn1)C1CCCCC1,10.1016/j.bmcl.2010.03.082
CHEMBL1096430,8646,0,None,-6,5,Human,7.7,pEC50,=,7.7,Functional,AgonistactivityatGsalphaS-fusedhumanhistamineH2receptorexpressedinSf9cellsby[35S]GTPgammaSbindingassayAgonistactivityatGsalphaS-fusedhumanhistamineH2receptorexpressedinSf9cellsby[35S]GTPgammaSbindingassay,ChEMBL,319,7,4,3,2.6,C[C@H](CC(=O)NC(=N)NCCCc1c[nH]cn1)C1CCCCC1,10.1016/j.bmcl.2010.03.082
126688,400,25,None,1,3,Human,6.7,pEC50,=,6.7,Functional,AgonistactivityathumanH2R-GsalphasexpressedinSf9cellsat0.1nMto10uMbysteadystateGTPaseactivityassayAgonistactivityathumanH2R-GsalphasexpressedinSf9cellsat0.1nMto10uMbysteadystateGTPaseactivityassay,ChEMBL,157,2,2,4,0.5,NCCc1sc(nc1C)N,10.1021/jm201128q
4025,400,25,None,1,3,Human,6.7,pEC50,=,6.7,Functional,AgonistactivityathumanH2R-GsalphasexpressedinSf9cellsat0.1nMto10uMbysteadystateGTPaseactivityassayAgonistactivityathumanH2R-GsalphasexpressedinSf9cellsat0.1nMto10uMbysteadystateGTPaseactivityassay,ChEMBL,157,2,2,4,0.5,NCCc1sc(nc1C)N,10.1021/jm201128q
CHEMBL293762,400,25,None,1,3,Human,6.7,pEC50,=,6.7,Functional,AgonistactivityathumanH2R-GsalphasexpressedinSf9cellsat0.1nMto10uMbysteadystateGTPaseactivityassayAgonistactivityathumanH2R-GsalphasexpressedinSf9cellsat0.1nMto10uMbysteadystateGTPaseactivityassay,ChEMBL,157,2,2,4,0.5,NCCc1sc(nc1C)N,10.1021/jm201128q
44481214,5632,0,None,-,1,Human,5.7,pEC50,=,5.7,Functional,AgonistactivityathumanhistamineH2receptorexpressedinSf9cellscoexpressingGsalphaSproteinbysteady-stateGTPaseassayAgonistactivityathumanhistamineH2receptorexpressedinSf9cellscoexpressingGsalphaSproteinbysteady-stateGTPaseassay,ChEMBL,314,7,4,2,1.2,NC(=O)/N=C(/NCCCc1ccccc1)NCCc1c[nH]cn1,10.1021/jm900526h
CHEMBL1078358,5632,0,None,-,1,Human,5.7,pEC50,=,5.7,Functional,AgonistactivityathumanhistamineH2receptorexpressedinSf9cellscoexpressingGsalphaSproteinbysteady-stateGTPaseassayAgonistactivityathumanhistamineH2receptorexpressedinSf9cellscoexpressingGsalphaSproteinbysteady-stateGTPaseassay,ChEMBL,314,7,4,2,1.2,NC(=O)/N=C(/NCCCc1ccccc1)NCCc1c[nH]cn1,10.1021/jm900526h
46887080,8432,0,None,1,2,Human,7.7,pEC50,=,7.7,Functional,AgonistactivityatGsalphaS-fusedhumanhistamineH2receptorexpressedinSf9cellsby[35S]GTPgammaSbindingassayAgonistactivityatGsalphaS-fusedhumanhistamineH2receptorexpressedinSf9cellsby[35S]GTPgammaSbindingassay,ChEMBL,365,7,4,5,3.2,Cc1nc(N)sc1CCCNC(=N)NC(=O)C[C@@H](C)C1CCCCC1,10.1016/j.bmcl.2010.03.082
CHEMBL1094452,8432,0,None,1,2,Human,7.7,pEC50,=,7.7,Functional,AgonistactivityatGsalphaS-fusedhumanhistamineH2receptorexpressedinSf9cellsby[35S]GTPgammaSbindingassayAgonistactivityatGsalphaS-fusedhumanhistamineH2receptorexpressedinSf9cellsby[35S]GTPgammaSbindingassay,ChEMBL,365,7,4,5,3.2,Cc1nc(N)sc1CCCNC(=N)NC(=O)C[C@@H](C)C1CCCCC1,10.1016/j.bmcl.2010.03.082
71458814,81590,0,None,-1,2,Human,7.7,pEC50,=,7.7,Functional,AgonistactivityathumanH2R-GsalphasexpressedinSf9cellsat0.1nMto10uMbysteadystateGTPaseactivityassayAgonistactivityathumanH2R-GsalphasexpressedinSf9cellsat0.1nMto10uMbysteadystateGTPaseactivityassay,ChEMBL,345,7,3,4,2.0,Cc1nc(N)sc1CCCN/C(N)=N/C(=O)CCc1ccccc1,10.1021/jm201128q
CHEMBL2165646,81590,0,None,-1,2,Human,7.7,pEC50,=,7.7,Functional,AgonistactivityathumanH2R-GsalphasexpressedinSf9cellsat0.1nMto10uMbysteadystateGTPaseactivityassayAgonistactivityathumanH2R-GsalphasexpressedinSf9cellsat0.1nMto10uMbysteadystateGTPaseactivityassay,ChEMBL,345,7,3,4,2.0,Cc1nc(N)sc1CCCN/C(N)=N/C(=O)CCc1ccccc1,10.1021/jm201128q
56954227,81580,0,None,-4,2,Human,7.7,pEC50,=,7.7,Functional,AgonistactivityathumanH2R-GsalphasexpressedinSf9cellsat0.1nMto10uMbysteadystateGTPaseactivityassayAgonistactivityathumanH2R-GsalphasexpressedinSf9cellsat0.1nMto10uMbysteadystateGTPaseactivityassay,ChEMBL,564,17,6,8,2.3,N/C(=N\C(=O)CCCCCCCCC(=O)/N=C(\N)NCCCc1cnc(N)s1)NCCCc1cnc(N)s1,10.1021/jm201128q
CHEMBL2165637,81580,0,None,-4,2,Human,7.7,pEC50,=,7.7,Functional,AgonistactivityathumanH2R-GsalphasexpressedinSf9cellsat0.1nMto10uMbysteadystateGTPaseactivityassayAgonistactivityathumanH2R-GsalphasexpressedinSf9cellsat0.1nMto10uMbysteadystateGTPaseactivityassay,ChEMBL,564,17,6,8,2.3,N/C(=N\C(=O)CCCCCCCCC(=O)/N=C(\N)NCCCc1cnc(N)s1)NCCCc1cnc(N)s1,10.1021/jm201128q
CHEMBL4846638,183712,0,None,3,3,Human,7.7,pEC50,=,7.7,Functional,Agonistactivityathumanhistaminereceptorexpressedinsf9insectcellmembranesco-exprssingGsalphaSincubatedfor90mins[35S]GTPgammaSbindingbasedmicrobetascintillationcountinganalysisAgonistactivityathumanhistaminereceptorexpressedinsf9insectcellmembranesco-exprssingGsalphaSincubatedfor90mins[35S]GTPgammaSbindingbasedmicrobetascintillationcountinganalysis,ChEMBL,380,7,4,4,2.8,Cc1nc(N)sc1CCCN/C(N)=N/C(=O)NCC(C)C1CCCCC1,10.1016/j.ejmech.2021.113190
155544816,174312,0,None,2,2,Human,5.7,pEC50,=,5.7,Functional,AgonistactivityatrecombinanthumanGs-coupledH2receptorexpressedinHEK293Tcellsassessedasinhibitionofforskolin-stimulatedcAMPaccumulationpreincubatedfor10to15followedbyforskolin-stimulationbyGlo-sensorassayAgonistactivityatrecombinanthumanGs-coupledH2receptorexpressedinHEK293Tcellsassessedasinhibitionofforskolin-stimulatedcAMPaccumulationpreincubatedfor10to15followedbyforskolin-stimulationbyGlo-sensorassay,ChEMBL,269,2,1,4,2.9,COc1ccc(-c2nc(N)nc3c2CC(C)CC3)cc1,10.1021/acs.jmedchem.9b00241
CHEMBL4567405,174312,0,None,2,2,Human,5.7,pEC50,=,5.7,Functional,AgonistactivityatrecombinanthumanGs-coupledH2receptorexpressedinHEK293Tcellsassessedasinhibitionofforskolin-stimulatedcAMPaccumulationpreincubatedfor10to15followedbyforskolin-stimulationbyGlo-sensorassayAgonistactivityatrecombinanthumanGs-coupledH2receptorexpressedinHEK293Tcellsassessedasinhibitionofforskolin-stimulatedcAMPaccumulationpreincubatedfor10to15followedbyforskolin-stimulationbyGlo-sensorassay,ChEMBL,269,2,1,4,2.9,COc1ccc(-c2nc(N)nc3c2CC(C)CC3)cc1,10.1021/acs.jmedchem.9b00241
56954318,81584,0,None,-19,3,Human,6.7,pEC50,=,6.7,Functional,AgonistactivityathumanH2R-GsalphasexpressedinSf9cellsat0.1nMto10uMbysteadystateGTPaseactivityassayAgonistactivityathumanH2R-GsalphasexpressedinSf9cellsat0.1nMto10uMbysteadystateGTPaseactivityassay,ChEMBL,444,13,6,4,0.1,N/C(=N\C(=O)CCCCC(=O)/N=C(\N)NCCCc1c[nH]cn1)NCCCc1c[nH]cn1,10.1021/jm201128q
CHEMBL2165640,81584,0,None,-19,3,Human,6.7,pEC50,=,6.7,Functional,AgonistactivityathumanH2R-GsalphasexpressedinSf9cellsat0.1nMto10uMbysteadystateGTPaseactivityassayAgonistactivityathumanH2R-GsalphasexpressedinSf9cellsat0.1nMto10uMbysteadystateGTPaseactivityassay,ChEMBL,444,13,6,4,0.1,N/C(=N\C(=O)CCCCC(=O)/N=C(\N)NCCCc1c[nH]cn1)NCCCc1c[nH]cn1,10.1021/jm201128q
CHEMBL4878215,185822,0,None,-,1,Human,6.7,pEC50,=,6.7,Functional,Agonistactivityathumanhistaminereceptorexpressedinsf9insectcellmembranesco-exprssingGsalphaSincubatedfor90mins[35S]GTPgammaSbindingbasedmicrobetascintillationcountinganalysisAgonistactivityathumanhistaminereceptorexpressedinsf9insectcellmembranesco-exprssingGsalphaSincubatedfor90mins[35S]GTPgammaSbindingbasedmicrobetascintillationcountinganalysis,ChEMBL,344,3,4,4,1.4,N/C(=N\C(=O)NCc1ccccc1)NC1CCc2nc(N)sc2C1,10.1016/j.ejmech.2021.113190
155544816,174312,0,None,2,2,Human,5.7,pEC50,=,5.7,Functional,AgonistactivityatrecombinanthumanGs-coupledH2receptorexpressedinHEK293Tcellsassessedasinhibitionofforskolin-stimulatedcAMPaccumulationpreincubatedfor10to15followedbyforskolin-stimulationbyGlo-sensorassayAgonistactivityatrecombinanthumanGs-coupledH2receptorexpressedinHEK293Tcellsassessedasinhibitionofforskolin-stimulatedcAMPaccumulationpreincubatedfor10to15followedbyforskolin-stimulationbyGlo-sensorassay,ChEMBL,269,2,1,4,2.9,COc1ccc(-c2nc(N)nc3c2CC(C)CC3)cc1,10.1021/acs.jmedchem.9b00241
CHEMBL4567405,174312,0,None,2,2,Human,5.7,pEC50,=,5.7,Functional,AgonistactivityatrecombinanthumanGs-coupledH2receptorexpressedinHEK293Tcellsassessedasinhibitionofforskolin-stimulatedcAMPaccumulationpreincubatedfor10to15followedbyforskolin-stimulationbyGlo-sensorassayAgonistactivityatrecombinanthumanGs-coupledH2receptorexpressedinHEK293Tcellsassessedasinhibitionofforskolin-stimulatedcAMPaccumulationpreincubatedfor10to15followedbyforskolin-stimulationbyGlo-sensorassay,ChEMBL,269,2,1,4,2.9,COc1ccc(-c2nc(N)nc3c2CC(C)CC3)cc1,10.1021/acs.jmedchem.9b00241
CHEMBL4846638,183712,0,None,3,3,Human,6.7,pEC50,=,6.7,Functional,AgonistactivityathumanhistamineH2receptorexpressedinHEK293Tcellsco-expressingELucCbybetaarrestin2recruitmentassayAgonistactivityathumanhistamineH2receptorexpressedinHEK293Tcellsco-expressingELucCbybetaarrestin2recruitmentassay,ChEMBL,380,7,4,4,2.8,Cc1nc(N)sc1CCCN/C(N)=N/C(=O)NCC(C)C1CCCCC1,10.1016/j.ejmech.2021.113190
CHEMBL4846380,183694,0,None,-23,4,Human,6.6,pEC50,=,6.6,Functional,AgonistactivityathumanhistamineH2receptorexpressedinHEK293Tcellsco-expressingELucCbybetaarrestin2recruitmentassayAgonistactivityathumanhistamineH2receptorexpressedinHEK293Tcellsco-expressingELucCbybetaarrestin2recruitmentassay,ChEMBL,350,6,4,5,1.9,Cc1nc(N)sc1CCCN/C(N)=N/C(=O)NC(C)c1ccco1,10.1016/j.ejmech.2021.113190
56954425,81587,0,None,-1,3,Human,7.6,pEC50,=,7.6,Functional,AgonistactivityathumanH2R-GsalphasexpressedinSf9cellsat0.1nMto10uMbysteadystateGTPaseactivityassayAgonistactivityathumanH2R-GsalphasexpressedinSf9cellsat0.1nMto10uMbysteadystateGTPaseactivityassay,ChEMBL,584,23,6,4,4.0,N/C(=N\C(=O)CCCCCCCCCCCCCCC(=O)/N=C(\N)NCCCc1c[nH]cn1)NCCCc1c[nH]cn1,10.1021/jm201128q
CHEMBL2165643,81587,0,None,-1,3,Human,7.6,pEC50,=,7.6,Functional,AgonistactivityathumanH2R-GsalphasexpressedinSf9cellsat0.1nMto10uMbysteadystateGTPaseactivityassayAgonistactivityathumanH2R-GsalphasexpressedinSf9cellsat0.1nMto10uMbysteadystateGTPaseactivityassay,ChEMBL,584,23,6,4,4.0,N/C(=N\C(=O)CCCCCCCCCCCCCCC(=O)/N=C(\N)NCCCc1c[nH]cn1)NCCCc1c[nH]cn1,10.1021/jm201128q
155523256,170029,0,None,-3,2,Human,6.6,pEC50,=,6.6,Functional,AgonistactivityatrecombinanthumanGs-coupledH2receptorexpressedinHEK293Tcellsassessedasinhibitionofforskolin-stimulatedcAMPaccumulationpreincubatedfor10to15followedbyforskolin-stimulationbyGlo-sensorassayAgonistactivityatrecombinanthumanGs-coupledH2receptorexpressedinHEK293Tcellsassessedasinhibitionofforskolin-stimulatedcAMPaccumulationpreincubatedfor10to15followedbyforskolin-stimulationbyGlo-sensorassay,ChEMBL,269,2,1,4,3.2,COc1cccc(-c2nc(N)nc3c2CCCC3C)c1,10.1021/acs.jmedchem.9b00241
CHEMBL4452406,170029,0,None,-3,2,Human,6.6,pEC50,=,6.6,Functional,AgonistactivityatrecombinanthumanGs-coupledH2receptorexpressedinHEK293Tcellsassessedasinhibitionofforskolin-stimulatedcAMPaccumulationpreincubatedfor10to15followedbyforskolin-stimulationbyGlo-sensorassayAgonistactivityatrecombinanthumanGs-coupledH2receptorexpressedinHEK293Tcellsassessedasinhibitionofforskolin-stimulatedcAMPaccumulationpreincubatedfor10to15followedbyforskolin-stimulationbyGlo-sensorassay,ChEMBL,269,2,1,4,3.2,COc1cccc(-c2nc(N)nc3c2CCCC3C)c1,10.1021/acs.jmedchem.9b00241
56954125,81577,0,None,5,2,Human,7.6,pEC50,=,7.6,Functional,AgonistactivityathumanH2R-GsalphasexpressedinSf9cellsat0.1nMto10uMbysteadystateGTPaseactivityassayAgonistactivityathumanH2R-GsalphasexpressedinSf9cellsat0.1nMto10uMbysteadystateGTPaseactivityassay,ChEMBL,676,23,6,8,5.3,Cc1nc(N)sc1CCCN/C(N)=N/C(=O)CCCCCCCCCCCCCCC(=O)/N=C(\N)NCCCc1sc(N)nc1C,10.1021/jm201128q
CHEMBL2165634,81577,0,None,5,2,Human,7.6,pEC50,=,7.6,Functional,AgonistactivityathumanH2R-GsalphasexpressedinSf9cellsat0.1nMto10uMbysteadystateGTPaseactivityassayAgonistactivityathumanH2R-GsalphasexpressedinSf9cellsat0.1nMto10uMbysteadystateGTPaseactivityassay,ChEMBL,676,23,6,8,5.3,Cc1nc(N)sc1CCCN/C(N)=N/C(=O)CCCCCCCCCCCCCCC(=O)/N=C(\N)NCCCc1sc(N)nc1C,10.1021/jm201128q
155523256,170029,0,None,-3,2,Human,6.6,pEC50,=,6.6,Functional,AgonistactivityatrecombinanthumanGs-coupledH2receptorexpressedinHEK293Tcellsassessedasinhibitionofforskolin-stimulatedcAMPaccumulationpreincubatedfor10to15followedbyforskolin-stimulationbyGlo-sensorassayAgonistactivityatrecombinanthumanGs-coupledH2receptorexpressedinHEK293Tcellsassessedasinhibitionofforskolin-stimulatedcAMPaccumulationpreincubatedfor10to15followedbyforskolin-stimulationbyGlo-sensorassay,ChEMBL,269,2,1,4,3.2,COc1cccc(-c2nc(N)nc3c2CCCC3C)c1,10.1021/acs.jmedchem.9b00241
CHEMBL4452406,170029,0,None,-3,2,Human,6.6,pEC50,=,6.6,Functional,AgonistactivityatrecombinanthumanGs-coupledH2receptorexpressedinHEK293Tcellsassessedasinhibitionofforskolin-stimulatedcAMPaccumulationpreincubatedfor10to15followedbyforskolin-stimulationbyGlo-sensorassayAgonistactivityatrecombinanthumanGs-coupledH2receptorexpressedinHEK293Tcellsassessedasinhibitionofforskolin-stimulatedcAMPaccumulationpreincubatedfor10to15followedbyforskolin-stimulationbyGlo-sensorassay,ChEMBL,269,2,1,4,3.2,COc1cccc(-c2nc(N)nc3c2CCCC3C)c1,10.1021/acs.jmedchem.9b00241
CHEMBL4846201,183683,0,None,-6,3,Human,5.6,pEC50,=,5.6,Functional,AgonistactivityathumanhistamineH2receptorexpressedinHEK293Tcellsco-expressingELucCbybetaarrestin2recruitmentassayAgonistactivityathumanhistamineH2receptorexpressedinHEK293Tcellsco-expressingELucCbybetaarrestin2recruitmentassay,ChEMBL,416,10,4,4,3.2,Cc1nc(N)sc1CCCN/C(N)=N/C(=O)NCC(C)CCCc1ccccc1,10.1016/j.ejmech.2021.113190
CHEMBL4848815,183847,0,None,-2,3,Human,6.6,pEC50,=,6.6,Functional,AgonistactivityathumanhistamineH2receptorexpressedinHEK293Tcellsco-expressingELucCbybetaarrestin2recruitmentassayAgonistactivityathumanhistamineH2receptorexpressedinHEK293Tcellsco-expressingELucCbybetaarrestin2recruitmentassay,ChEMBL,388,8,4,4,2.8,CCC(CNC(=O)/N=C(\N)NCCCc1sc(N)nc1C)c1ccccc1,10.1016/j.ejmech.2021.113190
46887078,8888,0,None,-1,2,Human,7.6,pEC50,=,7.6,Functional,AgonistactivityatGsalphaS-fusedhumanhistamineH2receptorexpressedinSf9cellsby[35S]GTPgammaSbindingassayAgonistactivityatGsalphaS-fusedhumanhistamineH2receptorexpressedinSf9cellsby[35S]GTPgammaSbindingassay,ChEMBL,359,7,4,5,2.8,Cc1nc(N)sc1CCCNC(=N)NC(=O)C[C@H](C)c1ccccc1,10.1016/j.bmcl.2010.03.082
CHEMBL1098442,8888,0,None,-1,2,Human,7.6,pEC50,=,7.6,Functional,AgonistactivityatGsalphaS-fusedhumanhistamineH2receptorexpressedinSf9cellsby[35S]GTPgammaSbindingassayAgonistactivityatGsalphaS-fusedhumanhistamineH2receptorexpressedinSf9cellsby[35S]GTPgammaSbindingassay,ChEMBL,359,7,4,5,2.8,Cc1nc(N)sc1CCCNC(=N)NC(=O)C[C@H](C)c1ccccc1,10.1016/j.bmcl.2010.03.082
46887115,8398,0,None,1,4,Human,7.5,pEC50,=,7.5,Functional,AgonistactivityatGsalphaS-fusedhumanhistamineH2receptorexpressedinSf9cellsby[35S]GTPgammaSbindingassayAgonistactivityatGsalphaS-fusedhumanhistamineH2receptorexpressedinSf9cellsby[35S]GTPgammaSbindingassay,ChEMBL,365,7,4,5,3.2,Cc1nc(N)sc1CCCNC(=N)NC(=O)C[C@H](C)C1CCCCC1,10.1016/j.bmcl.2010.03.082
CHEMBL1094144,8398,0,None,1,4,Human,7.5,pEC50,=,7.5,Functional,AgonistactivityatGsalphaS-fusedhumanhistamineH2receptorexpressedinSf9cellsby[35S]GTPgammaSbindingassayAgonistactivityatGsalphaS-fusedhumanhistamineH2receptorexpressedinSf9cellsby[35S]GTPgammaSbindingassay,ChEMBL,365,7,4,5,3.2,Cc1nc(N)sc1CCCNC(=N)NC(=O)C[C@H](C)C1CCCCC1,10.1016/j.bmcl.2010.03.082
CHEMBL4848815,183847,0,None,-2,3,Human,7.5,pEC50,=,7.5,Functional,Agonistactivityathumanhistaminereceptorexpressedinsf9insectcellmembranesco-exprssingGsalphaSincubatedfor90mins[35S]GTPgammaSbindingbasedmicrobetascintillationcountinganalysisAgonistactivityathumanhistaminereceptorexpressedinsf9insectcellmembranesco-exprssingGsalphaSincubatedfor90mins[35S]GTPgammaSbindingbasedmicrobetascintillationcountinganalysis,ChEMBL,388,8,4,4,2.8,CCC(CNC(=O)/N=C(\N)NCCCc1sc(N)nc1C)c1ccccc1,10.1016/j.ejmech.2021.113190
CHEMBL4856005,184345,0,None,-1,3,Human,7.5,pEC50,=,7.5,Functional,Agonistactivityathumanhistaminereceptorexpressedinsf9insectcellmembranesco-exprssingGsalphaSincubatedfor90mins[35S]GTPgammaSbindingbasedmicrobetascintillationcountinganalysisAgonistactivityathumanhistaminereceptorexpressedinsf9insectcellmembranesco-exprssingGsalphaSincubatedfor90mins[35S]GTPgammaSbindingbasedmicrobetascintillationcountinganalysis,ChEMBL,346,6,4,4,1.8,Cc1nc(N)sc1CCCN/C(N)=N/C(=O)NCc1ccccc1,10.1016/j.ejmech.2021.113190
CHEMBL4871482,185340,0,None,-,1,Human,6.6,pEC50,=,6.6,Functional,AgonistactivityathumanhistamineH2receptorexpressedinHEK293Tcellsco-expressingELucCbybetaarrestin2recruitmentassayAgonistactivityathumanhistamineH2receptorexpressedinHEK293Tcellsco-expressingELucCbybetaarrestin2recruitmentassay,ChEMBL,416,8,4,4,3.5,Cc1nc(N)sc1CCCN/C(N)=N/C(=O)NCC(C)c1ccc(C(C)C)cc1,10.1016/j.ejmech.2021.113190
1269,121,29,None,-67,6,Human,5.5,pEC50,=,5.5,Functional,AgonistactivityathumanhistamineH2receptorexpressedinSf9cellscoexpressingGsalphaSproteinbysteady-stateGTPaseassayAgonistactivityathumanhistamineH2receptorexpressedinSf9cellscoexpressingGsalphaSproteinbysteady-stateGTPaseassay,ChEMBL,125,2,2,2,0.2,Cc1c(CCN)nc[nH]1,10.1021/jm900526h
37463,121,29,None,-67,6,Human,5.5,pEC50,=,5.5,Functional,AgonistactivityathumanhistamineH2receptorexpressedinSf9cellscoexpressingGsalphaSproteinbysteady-stateGTPaseassayAgonistactivityathumanhistamineH2receptorexpressedinSf9cellscoexpressingGsalphaSproteinbysteady-stateGTPaseassay,ChEMBL,125,2,2,2,0.2,Cc1c(CCN)nc[nH]1,10.1021/jm900526h
CHEMBL275443,121,29,None,-67,6,Human,5.5,pEC50,=,5.5,Functional,AgonistactivityathumanhistamineH2receptorexpressedinSf9cellscoexpressingGsalphaSproteinbysteady-stateGTPaseassayAgonistactivityathumanhistamineH2receptorexpressedinSf9cellscoexpressingGsalphaSproteinbysteady-stateGTPaseassay,ChEMBL,125,2,2,2,0.2,Cc1c(CCN)nc[nH]1,10.1021/jm900526h
CHEMBL4865765,184979,0,None,8,3,Human,7.5,pEC50,=,7.5,Functional,Agonistactivityathumanhistaminereceptorexpressedinsf9insectcellmembranesco-exprssingGsalphaSincubatedfor90mins[35S]GTPgammaSbindingbasedmicrobetascintillationcountinganalysisAgonistactivityathumanhistaminereceptorexpressedinsf9insectcellmembranesco-exprssingGsalphaSincubatedfor90mins[35S]GTPgammaSbindingbasedmicrobetascintillationcountinganalysis,ChEMBL,402,9,4,4,2.8,Cc1nc(N)sc1CCCN/C(N)=N/C(=O)NCC(C)CCc1ccccc1,10.1016/j.ejmech.2021.113190
56954129,81579,0,None,-22,2,Human,7.5,pEC50,=,7.5,Functional,AgonistactivityathumanH2R-GsalphasexpressedinSf9cellsat0.1nMto10uMbysteadystateGTPaseactivityassayAgonistactivityathumanH2R-GsalphasexpressedinSf9cellsat0.1nMto10uMbysteadystateGTPaseactivityassay,ChEMBL,536,15,6,8,1.5,N/C(=N\C(=O)CCCCCCC(=O)/N=C(\N)NCCCc1cnc(N)s1)NCCCc1cnc(N)s1,10.1021/jm201128q
CHEMBL2165636,81579,0,None,-22,2,Human,7.5,pEC50,=,7.5,Functional,AgonistactivityathumanH2R-GsalphasexpressedinSf9cellsat0.1nMto10uMbysteadystateGTPaseactivityassayAgonistactivityathumanH2R-GsalphasexpressedinSf9cellsat0.1nMto10uMbysteadystateGTPaseactivityassay,ChEMBL,536,15,6,8,1.5,N/C(=N\C(=O)CCCCCCC(=O)/N=C(\N)NCCCc1cnc(N)s1)NCCCc1cnc(N)s1,10.1021/jm201128q
CHEMBL4856572,184389,0,None,-,1,Human,7.5,pEC50,=,7.5,Functional,Agonistactivityathumanhistaminereceptorexpressedinsf9insectcellmembranesco-exprssingGsalphaSincubatedfor90mins[35S]GTPgammaSbindingbasedmicrobetascintillationcountinganalysisAgonistactivityathumanhistaminereceptorexpressedinsf9insectcellmembranesco-exprssingGsalphaSincubatedfor90mins[35S]GTPgammaSbindingbasedmicrobetascintillationcountinganalysis,ChEMBL,402,8,4,4,3.0,Cc1nc(N)sc1CCCN/C(N)=N/C(=O)NCC(c1ccccc1)C(C)C,10.1016/j.ejmech.2021.113190
CHEMBL4857560,184454,0,None,4,3,Human,6.5,pEC50,=,6.5,Functional,AgonistactivityathumanhistamineH2receptorexpressedinHEK293Tcellsco-expressingELucCbybetaarrestin2recruitmentassayAgonistactivityathumanhistamineH2receptorexpressedinHEK293Tcellsco-expressingELucCbybetaarrestin2recruitmentassay,ChEMBL,394,8,4,4,3.2,Cc1nc(N)sc1CCCN/C(N)=N/C(=O)NCC(C)CC1CCCCC1,10.1016/j.ejmech.2021.113190
155565842,174893,0,None,-5,2,Human,6.5,pEC50,=,6.5,Functional,AgonistactivityatrecombinanthumanGs-coupledH2receptorexpressedinHEK293Tcellsassessedasinhibitionofforskolin-stimulatedcAMPaccumulationpreincubatedfor10to15followedbyforskolin-stimulationbyGlo-sensorassayAgonistactivityatrecombinanthumanGs-coupledH2receptorexpressedinHEK293Tcellsassessedasinhibitionofforskolin-stimulatedcAMPaccumulationpreincubatedfor10to15followedbyforskolin-stimulationbyGlo-sensorassay,ChEMBL,317,1,1,3,3.9,CC1CCCc2c(-c3cccc(Br)c3)nc(N)nc21,10.1021/acs.jmedchem.9b00241
CHEMBL4580450,174893,0,None,-5,2,Human,6.5,pEC50,=,6.5,Functional,AgonistactivityatrecombinanthumanGs-coupledH2receptorexpressedinHEK293Tcellsassessedasinhibitionofforskolin-stimulatedcAMPaccumulationpreincubatedfor10to15followedbyforskolin-stimulationbyGlo-sensorassayAgonistactivityatrecombinanthumanGs-coupledH2receptorexpressedinHEK293Tcellsassessedasinhibitionofforskolin-stimulatedcAMPaccumulationpreincubatedfor10to15followedbyforskolin-stimulationbyGlo-sensorassay,ChEMBL,317,1,1,3,3.9,CC1CCCc2c(-c3cccc(Br)c3)nc(N)nc21,10.1021/acs.jmedchem.9b00241
1269,121,29,None,-67,6,Human,5.5,pEC50,=,5.5,Functional,AgonistactivityathumanhistamineH2receptorexpressedinSf9cellscoexpressingGsalphasbysteady-stateGTPaseactivityassayAgonistactivityathumanhistamineH2receptorexpressedinSf9cellscoexpressingGsalphasbysteady-stateGTPaseactivityassay,ChEMBL,125,2,2,2,0.2,Cc1c(CCN)nc[nH]1,10.1016/j.bmcl.2010.10.041
37463,121,29,None,-67,6,Human,5.5,pEC50,=,5.5,Functional,AgonistactivityathumanhistamineH2receptorexpressedinSf9cellscoexpressingGsalphasbysteady-stateGTPaseactivityassayAgonistactivityathumanhistamineH2receptorexpressedinSf9cellscoexpressingGsalphasbysteady-stateGTPaseactivityassay,ChEMBL,125,2,2,2,0.2,Cc1c(CCN)nc[nH]1,10.1016/j.bmcl.2010.10.041
CHEMBL275443,121,29,None,-67,6,Human,5.5,pEC50,=,5.5,Functional,AgonistactivityathumanhistamineH2receptorexpressedinSf9cellscoexpressingGsalphasbysteady-stateGTPaseactivityassayAgonistactivityathumanhistamineH2receptorexpressedinSf9cellscoexpressingGsalphasbysteady-stateGTPaseactivityassay,ChEMBL,125,2,2,2,0.2,Cc1c(CCN)nc[nH]1,10.1016/j.bmcl.2010.10.041
CHEMBL4876025,185665,0,None,-8,2,Human,6.5,pEC50,=,6.5,Functional,AgonistactivityathumanhistamineH2receptorexpressedinHEK293Tcellsco-expressingELucCbybetaarrestin2recruitmentassayAgonistactivityathumanhistamineH2receptorexpressedinHEK293Tcellsco-expressingELucCbybetaarrestin2recruitmentassay,ChEMBL,422,7,4,4,3.4,Cc1nc(N)sc1CCCN/C(N)=N/C(=O)NC(c1ccccc1)c1ccccc1,10.1016/j.ejmech.2021.113190
CHEMBL4858567,184517,0,None,-,1,Human,5.5,pEC50,=,5.5,Functional,AgonistactivityathumanhistamineH2receptorexpressedinHEK293Tcellsco-expressingELucCbybetaarrestin2recruitmentassayAgonistactivityathumanhistamineH2receptorexpressedinHEK293Tcellsco-expressingELucCbybetaarrestin2recruitmentassay,ChEMBL,332,5,4,4,2.1,Cc1nc(N)sc1CCCN/C(N)=N/C(=O)Nc1ccccc1,10.1016/j.ejmech.2021.113190
CHEMBL4871482,185340,0,None,-,1,Human,7.5,pEC50,=,7.5,Functional,Agonistactivityathumanhistaminereceptorexpressedinsf9insectcellmembranesco-exprssingGsalphaSincubatedfor90mins[35S]GTPgammaSbindingbasedmicrobetascintillationcountinganalysisAgonistactivityathumanhistaminereceptorexpressedinsf9insectcellmembranesco-exprssingGsalphaSincubatedfor90mins[35S]GTPgammaSbindingbasedmicrobetascintillationcountinganalysis,ChEMBL,416,8,4,4,3.5,Cc1nc(N)sc1CCCN/C(N)=N/C(=O)NCC(C)c1ccc(C(C)C)cc1,10.1016/j.ejmech.2021.113190
CHEMBL4865765,184979,0,None,8,3,Human,6.5,pEC50,=,6.5,Functional,AgonistactivityathumanhistamineH2receptorexpressedinHEK293Tcellsco-expressingELucCbybetaarrestin2recruitmentassayAgonistactivityathumanhistamineH2receptorexpressedinHEK293Tcellsco-expressingELucCbybetaarrestin2recruitmentassay,ChEMBL,402,9,4,4,2.8,Cc1nc(N)sc1CCCN/C(N)=N/C(=O)NCC(C)CCc1ccccc1,10.1016/j.ejmech.2021.113190
155567151,175129,0,None,-1,2,Human,6.4,pEC50,=,6.4,Functional,AgonistactivityatrecombinanthumanGs-coupledH2receptorexpressedinHEK293Tcellsassessedasinhibitionofforskolin-stimulatedcAMPaccumulationpreincubatedfor10to15followedbyforskolin-stimulationbyGlo-sensorassayAgonistactivityatrecombinanthumanGs-coupledH2receptorexpressedinHEK293Tcellsassessedasinhibitionofforskolin-stimulatedcAMPaccumulationpreincubatedfor10to15followedbyforskolin-stimulationbyGlo-sensorassay,ChEMBL,245,1,1,3,3.5,CC1CCCc2c1nc(N)nc2C1CCCCC1,10.1021/acs.jmedchem.9b00241
CHEMBL4585616,175129,0,None,-1,2,Human,6.4,pEC50,=,6.4,Functional,AgonistactivityatrecombinanthumanGs-coupledH2receptorexpressedinHEK293Tcellsassessedasinhibitionofforskolin-stimulatedcAMPaccumulationpreincubatedfor10to15followedbyforskolin-stimulationbyGlo-sensorassayAgonistactivityatrecombinanthumanGs-coupledH2receptorexpressedinHEK293Tcellsassessedasinhibitionofforskolin-stimulatedcAMPaccumulationpreincubatedfor10to15followedbyforskolin-stimulationbyGlo-sensorassay,ChEMBL,245,1,1,3,3.5,CC1CCCc2c1nc(N)nc2C1CCCCC1,10.1021/acs.jmedchem.9b00241
155567151,175129,0,None,-1,2,Human,6.4,pEC50,=,6.4,Functional,AgonistactivityatrecombinanthumanGs-coupledH2receptorexpressedinHEK293Tcellsassessedasinhibitionofforskolin-stimulatedcAMPaccumulationpreincubatedfor10to15followedbyforskolin-stimulationbyGlo-sensorassayAgonistactivityatrecombinanthumanGs-coupledH2receptorexpressedinHEK293Tcellsassessedasinhibitionofforskolin-stimulatedcAMPaccumulationpreincubatedfor10to15followedbyforskolin-stimulationbyGlo-sensorassay,ChEMBL,245,1,1,3,3.5,CC1CCCc2c1nc(N)nc2C1CCCCC1,10.1021/acs.jmedchem.9b00241
CHEMBL4585616,175129,0,None,-1,2,Human,6.4,pEC50,=,6.4,Functional,AgonistactivityatrecombinanthumanGs-coupledH2receptorexpressedinHEK293Tcellsassessedasinhibitionofforskolin-stimulatedcAMPaccumulationpreincubatedfor10to15followedbyforskolin-stimulationbyGlo-sensorassayAgonistactivityatrecombinanthumanGs-coupledH2receptorexpressedinHEK293Tcellsassessedasinhibitionofforskolin-stimulatedcAMPaccumulationpreincubatedfor10to15followedbyforskolin-stimulationbyGlo-sensorassay,ChEMBL,245,1,1,3,3.5,CC1CCCc2c1nc(N)nc2C1CCCCC1,10.1021/acs.jmedchem.9b00241
CHEMBL4853772,184207,0,None,-4,4,Human,6.4,pEC50,=,6.4,Functional,AgonistactivityathumanhistamineH2receptorexpressedinHEK293Tcellsco-expressingELucCbybetaarrestin2recruitmentassayAgonistactivityathumanhistamineH2receptorexpressedinHEK293Tcellsco-expressingELucCbybetaarrestin2recruitmentassay,ChEMBL,376,6,4,4,2.5,Cc1nc(N)sc1CCCN/C(N)=N/C(=S)N[C@H](C)c1ccccc1,10.1016/j.ejmech.2021.113190
CHEMBL4853668,184200,0,None,-3,4,Human,7.4,pEC50,=,7.4,Functional,Agonistactivityathumanhistaminereceptorexpressedinsf9insectcellmembranesco-exprssingGsalphaSincubatedfor90mins[35S]GTPgammaSbindingbasedmicrobetascintillationcountinganalysisAgonistactivityathumanhistaminereceptorexpressedinsf9insectcellmembranesco-exprssingGsalphaSincubatedfor90mins[35S]GTPgammaSbindingbasedmicrobetascintillationcountinganalysis,ChEMBL,340,9,4,4,2.2,CCCCCCNC(=O)/N=C(\N)NCCCc1sc(N)nc1C,10.1016/j.ejmech.2021.113190
44482300,5689,0,None,-,1,Human,6.4,pEC50,=,6.4,Functional,AgonistactivityathumanhistamineH2receptorexpressedinSf9cellscoexpressingGsalphaSproteinbysteady-stateGTPaseassayAgonistactivityathumanhistamineH2receptorexpressedinSf9cellscoexpressingGsalphaSproteinbysteady-stateGTPaseassay,ChEMBL,342,9,4,2,2.0,NC(=O)/N=C(/NCCCCc1ccccc1)NCCCc1c[nH]cn1,10.1021/jm900526h
CHEMBL1078746,5689,0,None,-,1,Human,6.4,pEC50,=,6.4,Functional,AgonistactivityathumanhistamineH2receptorexpressedinSf9cellscoexpressingGsalphaSproteinbysteady-stateGTPaseassayAgonistactivityathumanhistamineH2receptorexpressedinSf9cellscoexpressingGsalphaSproteinbysteady-stateGTPaseassay,ChEMBL,342,9,4,2,2.0,NC(=O)/N=C(/NCCCCc1ccccc1)NCCCc1c[nH]cn1,10.1021/jm900526h
1204,1879,109,None,-64,11,Human,5.4,pEC50,=,5.4,Functional,AgonistactivityathumanhistamineH2receptorexpressedinHEK293Tcellsco-expressingELucCbybetaarrestin2recruitmentassayAgonistactivityathumanhistamineH2receptorexpressedinHEK293Tcellsco-expressingELucCbybetaarrestin2recruitmentassay,ChEMBL,111,2,2,2,-0.1,NCCc1cnc[nH]1,10.1016/j.ejmech.2021.113190
1247,1879,109,None,-64,11,Human,5.4,pEC50,=,5.4,Functional,AgonistactivityathumanhistamineH2receptorexpressedinHEK293Tcellsco-expressingELucCbybetaarrestin2recruitmentassayAgonistactivityathumanhistamineH2receptorexpressedinHEK293Tcellsco-expressingELucCbybetaarrestin2recruitmentassay,ChEMBL,111,2,2,2,-0.1,NCCc1cnc[nH]1,10.1016/j.ejmech.2021.113190
1375,1879,109,None,-64,11,Human,5.4,pEC50,=,5.4,Functional,AgonistactivityathumanhistamineH2receptorexpressedinHEK293Tcellsco-expressingELucCbybetaarrestin2recruitmentassayAgonistactivityathumanhistamineH2receptorexpressedinHEK293Tcellsco-expressingELucCbybetaarrestin2recruitmentassay,ChEMBL,111,2,2,2,-0.1,NCCc1cnc[nH]1,10.1016/j.ejmech.2021.113190
774,1879,109,None,-64,11,Human,5.4,pEC50,=,5.4,Functional,AgonistactivityathumanhistamineH2receptorexpressedinHEK293Tcellsco-expressingELucCbybetaarrestin2recruitmentassayAgonistactivityathumanhistamineH2receptorexpressedinHEK293Tcellsco-expressingELucCbybetaarrestin2recruitmentassay,ChEMBL,111,2,2,2,-0.1,NCCc1cnc[nH]1,10.1016/j.ejmech.2021.113190
CHEMBL90,1879,109,None,-64,11,Human,5.4,pEC50,=,5.4,Functional,AgonistactivityathumanhistamineH2receptorexpressedinHEK293Tcellsco-expressingELucCbybetaarrestin2recruitmentassayAgonistactivityathumanhistamineH2receptorexpressedinHEK293Tcellsco-expressingELucCbybetaarrestin2recruitmentassay,ChEMBL,111,2,2,2,-0.1,NCCc1cnc[nH]1,10.1016/j.ejmech.2021.113190
DB05381,1879,109,None,-64,11,Human,5.4,pEC50,=,5.4,Functional,AgonistactivityathumanhistamineH2receptorexpressedinHEK293Tcellsco-expressingELucCbybetaarrestin2recruitmentassayAgonistactivityathumanhistamineH2receptorexpressedinHEK293Tcellsco-expressingELucCbybetaarrestin2recruitmentassay,ChEMBL,111,2,2,2,-0.1,NCCc1cnc[nH]1,10.1016/j.ejmech.2021.113190
CHEMBL4876743,185724,0,None,-,1,Human,6.4,pEC50,=,6.4,Functional,AgonistactivityathumanhistamineH2receptorexpressedinHEK293Tcellsco-expressingELucCbybetaarrestin2recruitmentassayAgonistactivityathumanhistamineH2receptorexpressedinHEK293Tcellsco-expressingELucCbybetaarrestin2recruitmentassay,ChEMBL,338,5,4,4,1.9,Cc1nc(N)sc1CCCN/C(N)=N/C(=O)NC1CCCCC1,10.1016/j.ejmech.2021.113190
44481487,6003,0,None,-,1,Human,5.4,pEC50,=,5.4,Functional,AgonistactivityathumanhistamineH2receptorexpressedinSf9cellscoexpressingGsalphaSproteinbysteady-stateGTPaseassayAgonistactivityathumanhistamineH2receptorexpressedinSf9cellscoexpressingGsalphaSproteinbysteady-stateGTPaseassay,ChEMBL,302,7,3,3,2.3,N#C/N=C(/NCCCC1CCCCC1)NCCc1c[nH]cn1,10.1021/jm900526h
CHEMBL1080772,6003,0,None,-,1,Human,5.4,pEC50,=,5.4,Functional,AgonistactivityathumanhistamineH2receptorexpressedinSf9cellscoexpressingGsalphaSproteinbysteady-stateGTPaseassayAgonistactivityathumanhistamineH2receptorexpressedinSf9cellscoexpressingGsalphaSproteinbysteady-stateGTPaseassay,ChEMBL,302,7,3,3,2.3,N#C/N=C(/NCCCC1CCCCC1)NCCc1c[nH]cn1,10.1021/jm900526h
59868,93633,51,None,-,1,Human,4.4,pEC50,=,4.4,Functional,AgonistactivityathumanhistamineH2receptorexpressedinHEK293Tcellsco-expressingELucCbybetaarrestin2recruitmentassayAgonistactivityathumanhistamineH2receptorexpressedinHEK293Tcellsco-expressingELucCbybetaarrestin2recruitmentassay,ChEMBL,211,3,2,4,1.6,CCCN[C@@H]1CCc2nc(N)sc2C1,10.1016/j.ejmech.2021.113190
CHEMBL249420,93633,51,None,-,1,Human,4.4,pEC50,=,4.4,Functional,AgonistactivityathumanhistamineH2receptorexpressedinHEK293Tcellsco-expressingELucCbybetaarrestin2recruitmentassayAgonistactivityathumanhistamineH2receptorexpressedinHEK293Tcellsco-expressingELucCbybetaarrestin2recruitmentassay,ChEMBL,211,3,2,4,1.6,CCCN[C@@H]1CCc2nc(N)sc2C1,10.1016/j.ejmech.2021.113190
44482299,5633,0,None,-,1,Human,6.4,pEC50,=,6.4,Functional,AgonistactivityathumanhistamineH2receptorexpressedinSf9cellscoexpressingGsalphaSproteinbysteady-stateGTPaseassayAgonistactivityathumanhistamineH2receptorexpressedinSf9cellscoexpressingGsalphaSproteinbysteady-stateGTPaseassay,ChEMBL,328,8,4,2,1.6,NC(=O)/N=C(/NCCCc1ccccc1)NCCCc1c[nH]cn1,10.1021/jm900526h
CHEMBL1078359,5633,0,None,-,1,Human,6.4,pEC50,=,6.4,Functional,AgonistactivityathumanhistamineH2receptorexpressedinSf9cellscoexpressingGsalphaSproteinbysteady-stateGTPaseassayAgonistactivityathumanhistamineH2receptorexpressedinSf9cellscoexpressingGsalphaSproteinbysteady-stateGTPaseassay,ChEMBL,328,8,4,2,1.6,NC(=O)/N=C(/NCCCc1ccccc1)NCCCc1c[nH]cn1,10.1021/jm900526h
CHEMBL4878215,185822,0,None,-,1,Human,5.4,pEC50,=,5.4,Functional,AgonistactivityathumanhistamineH2receptorexpressedinHEK293Tcellsco-expressingELucCbybetaarrestin2recruitmentassayAgonistactivityathumanhistamineH2receptorexpressedinHEK293Tcellsco-expressingELucCbybetaarrestin2recruitmentassay,ChEMBL,344,3,4,4,1.4,N/C(=N\C(=O)NCc1ccccc1)NC1CCc2nc(N)sc2C1,10.1016/j.ejmech.2021.113190
56953998,81574,0,None,-29,2,Human,7.4,pEC50,=,7.4,Functional,AgonistactivityathumanH2R-GsalphasexpressedinSf9cellsat0.1nMto10uMbysteadystateGTPaseactivityassayAgonistactivityathumanH2R-GsalphasexpressedinSf9cellsat0.1nMto10uMbysteadystateGTPaseactivityassay,ChEMBL,578,16,6,8,2.5,Cc1nc(N)sc1CCCN/C(N)=N/C(=O)CCCCCCCC(=O)/N=C(\N)NCCCc1sc(N)nc1C,10.1021/jm201128q
CHEMBL2165631,81574,0,None,-29,2,Human,7.4,pEC50,=,7.4,Functional,AgonistactivityathumanH2R-GsalphasexpressedinSf9cellsat0.1nMto10uMbysteadystateGTPaseactivityassayAgonistactivityathumanH2R-GsalphasexpressedinSf9cellsat0.1nMto10uMbysteadystateGTPaseactivityassay,ChEMBL,578,16,6,8,2.5,Cc1nc(N)sc1CCCN/C(N)=N/C(=O)CCCCCCCC(=O)/N=C(\N)NCCCc1sc(N)nc1C,10.1021/jm201128q
CHEMBL4864067,184873,0,None,-,1,Human,7.4,pEC50,=,7.4,Functional,Agonistactivityathumanhistaminereceptorexpressedinsf9insectcellmembranesco-exprssingGsalphaSincubatedfor90mins[35S]GTPgammaSbindingbasedmicrobetascintillationcountinganalysisAgonistactivityathumanhistaminereceptorexpressedinsf9insectcellmembranesco-exprssingGsalphaSincubatedfor90mins[35S]GTPgammaSbindingbasedmicrobetascintillationcountinganalysis,ChEMBL,360,7,4,4,1.8,Cc1nc(N)sc1CCCN/C(N)=N/C(=O)NCCc1ccccc1,10.1016/j.ejmech.2021.113190
CHEMBL4856059,184355,0,None,-6,4,Human,7.3,pEC50,=,7.3,Functional,AgonistactivityathumanhistamineH2receptorexpressedinHEK293Tcellsco-expressingELucCbybetaarrestin2recruitmentassayAgonistactivityathumanhistamineH2receptorexpressedinHEK293Tcellsco-expressingELucCbybetaarrestin2recruitmentassay,ChEMBL,360,6,4,4,2.3,Cc1nc(N)sc1CCCN/C(N)=N/C(=O)N[C@H](C)c1ccccc1,10.1016/j.ejmech.2021.113190
56953889,81573,0,None,-120,2,Human,7.3,pEC50,=,7.3,Functional,AgonistactivityathumanH2R-GsalphasexpressedinSf9cellsat0.1nMto10uMbysteadystateGTPaseactivityassayAgonistactivityathumanH2R-GsalphasexpressedinSf9cellsat0.1nMto10uMbysteadystateGTPaseactivityassay,ChEMBL,564,15,6,8,2.1,Cc1nc(N)sc1CCCN/C(N)=N/C(=O)CCCCCCC(=O)/N=C(\N)NCCCc1sc(N)nc1C,10.1021/jm201128q
CHEMBL2165630,81573,0,None,-120,2,Human,7.3,pEC50,=,7.3,Functional,AgonistactivityathumanH2R-GsalphasexpressedinSf9cellsat0.1nMto10uMbysteadystateGTPaseactivityassayAgonistactivityathumanH2R-GsalphasexpressedinSf9cellsat0.1nMto10uMbysteadystateGTPaseactivityassay,ChEMBL,564,15,6,8,2.1,Cc1nc(N)sc1CCCN/C(N)=N/C(=O)CCCCCCC(=O)/N=C(\N)NCCCc1sc(N)nc1C,10.1021/jm201128q
46887076,8842,0,None,-1,2,Human,7.3,pEC50,=,7.3,Functional,AgonistactivityatGsalphaS-fusedhumanhistamineH2receptorexpressedinSf9cellsby[35S]GTPgammaSbindingassayAgonistactivityatGsalphaS-fusedhumanhistamineH2receptorexpressedinSf9cellsby[35S]GTPgammaSbindingassay,ChEMBL,359,7,4,5,2.8,Cc1nc(N)sc1CCCNC(=N)NC(=O)CC(C)c1ccccc1,10.1016/j.bmcl.2010.03.082
CHEMBL1098110,8842,0,None,-1,2,Human,7.3,pEC50,=,7.3,Functional,AgonistactivityatGsalphaS-fusedhumanhistamineH2receptorexpressedinSf9cellsby[35S]GTPgammaSbindingassayAgonistactivityatGsalphaS-fusedhumanhistamineH2receptorexpressedinSf9cellsby[35S]GTPgammaSbindingassay,ChEMBL,359,7,4,5,2.8,Cc1nc(N)sc1CCCNC(=N)NC(=O)CC(C)c1ccccc1,10.1016/j.bmcl.2010.03.082
155542256,172364,0,None,-1,2,Human,5.3,pEC50,=,5.3,Functional,AgonistactivityatrecombinanthumanGs-coupledH2receptorexpressedinHEK293Tcellsassessedasinhibitionofforskolin-stimulatedcAMPaccumulationpreincubatedfor10to15followedbyforskolin-stimulationbyGlo-sensorassayAgonistactivityatrecombinanthumanGs-coupledH2receptorexpressedinHEK293Tcellsassessedasinhibitionofforskolin-stimulatedcAMPaccumulationpreincubatedfor10to15followedbyforskolin-stimulationbyGlo-sensorassay,ChEMBL,257,5,1,4,3.1,CCCCc1cc(-c2ccc(OC)cc2)nc(N)n1,10.1021/acs.jmedchem.9b00241
CHEMBL4519923,172364,0,None,-1,2,Human,5.3,pEC50,=,5.3,Functional,AgonistactivityatrecombinanthumanGs-coupledH2receptorexpressedinHEK293Tcellsassessedasinhibitionofforskolin-stimulatedcAMPaccumulationpreincubatedfor10to15followedbyforskolin-stimulationbyGlo-sensorassayAgonistactivityatrecombinanthumanGs-coupledH2receptorexpressedinHEK293Tcellsassessedasinhibitionofforskolin-stimulatedcAMPaccumulationpreincubatedfor10to15followedbyforskolin-stimulationbyGlo-sensorassay,ChEMBL,257,5,1,4,3.1,CCCCc1cc(-c2ccc(OC)cc2)nc(N)n1,10.1021/acs.jmedchem.9b00241
CHEMBL4858567,184517,0,None,-,1,Human,6.3,pEC50,=,6.3,Functional,Agonistactivityathumanhistaminereceptorexpressedinsf9insectcellmembranesco-exprssingGsalphaSincubatedfor90mins[35S]GTPgammaSbindingbasedmicrobetascintillationcountinganalysisAgonistactivityathumanhistaminereceptorexpressedinsf9insectcellmembranesco-exprssingGsalphaSincubatedfor90mins[35S]GTPgammaSbindingbasedmicrobetascintillationcountinganalysis,ChEMBL,332,5,4,4,2.1,Cc1nc(N)sc1CCCN/C(N)=N/C(=O)Nc1ccccc1,10.1016/j.ejmech.2021.113190
155542256,172364,0,None,-1,2,Human,5.3,pEC50,=,5.3,Functional,AgonistactivityatrecombinanthumanGs-coupledH2receptorexpressedinHEK293Tcellsassessedasinhibitionofforskolin-stimulatedcAMPaccumulationpreincubatedfor10to15followedbyforskolin-stimulationbyGlo-sensorassayAgonistactivityatrecombinanthumanGs-coupledH2receptorexpressedinHEK293Tcellsassessedasinhibitionofforskolin-stimulatedcAMPaccumulationpreincubatedfor10to15followedbyforskolin-stimulationbyGlo-sensorassay,ChEMBL,257,5,1,4,3.1,CCCCc1cc(-c2ccc(OC)cc2)nc(N)n1,10.1021/acs.jmedchem.9b00241
CHEMBL4519923,172364,0,None,-1,2,Human,5.3,pEC50,=,5.3,Functional,AgonistactivityatrecombinanthumanGs-coupledH2receptorexpressedinHEK293Tcellsassessedasinhibitionofforskolin-stimulatedcAMPaccumulationpreincubatedfor10to15followedbyforskolin-stimulationbyGlo-sensorassayAgonistactivityatrecombinanthumanGs-coupledH2receptorexpressedinHEK293Tcellsassessedasinhibitionofforskolin-stimulatedcAMPaccumulationpreincubatedfor10to15followedbyforskolin-stimulationbyGlo-sensorassay,ChEMBL,257,5,1,4,3.1,CCCCc1cc(-c2ccc(OC)cc2)nc(N)n1,10.1021/acs.jmedchem.9b00241
155544839,174222,0,None,2,2,Human,5.3,pEC50,=,5.3,Functional,AgonistactivityatrecombinanthumanGs-coupledH2receptorexpressedinHEK293Tcellsassessedasinhibitionofforskolin-stimulatedcAMPaccumulationpreincubatedfor10to15followedbyforskolin-stimulationbyGlo-sensorassayAgonistactivityatrecombinanthumanGs-coupledH2receptorexpressedinHEK293Tcellsassessedasinhibitionofforskolin-stimulatedcAMPaccumulationpreincubatedfor10to15followedbyforskolin-stimulationbyGlo-sensorassay,ChEMBL,284,2,1,5,3.1,CC1CCCc2c(-c3ccc([N+](=O)[O-])cc3)nc(N)nc21,10.1021/acs.jmedchem.9b00241
CHEMBL4565419,174222,0,None,2,2,Human,5.3,pEC50,=,5.3,Functional,AgonistactivityatrecombinanthumanGs-coupledH2receptorexpressedinHEK293Tcellsassessedasinhibitionofforskolin-stimulatedcAMPaccumulationpreincubatedfor10to15followedbyforskolin-stimulationbyGlo-sensorassayAgonistactivityatrecombinanthumanGs-coupledH2receptorexpressedinHEK293Tcellsassessedasinhibitionofforskolin-stimulatedcAMPaccumulationpreincubatedfor10to15followedbyforskolin-stimulationbyGlo-sensorassay,ChEMBL,284,2,1,5,3.1,CC1CCCc2c(-c3ccc([N+](=O)[O-])cc3)nc(N)nc21,10.1021/acs.jmedchem.9b00241
46887077,8887,0,None,-1,2,Human,7.3,pEC50,=,7.3,Functional,AgonistactivityatGsalphaS-fusedhumanhistamineH2receptorexpressedinSf9cellsby[35S]GTPgammaSbindingassayAgonistactivityatGsalphaS-fusedhumanhistamineH2receptorexpressedinSf9cellsby[35S]GTPgammaSbindingassay,ChEMBL,359,7,4,5,2.8,Cc1nc(N)sc1CCCNC(=N)NC(=O)C[C@@H](C)c1ccccc1,10.1016/j.bmcl.2010.03.082
CHEMBL1098441,8887,0,None,-1,2,Human,7.3,pEC50,=,7.3,Functional,AgonistactivityatGsalphaS-fusedhumanhistamineH2receptorexpressedinSf9cellsby[35S]GTPgammaSbindingassayAgonistactivityatGsalphaS-fusedhumanhistamineH2receptorexpressedinSf9cellsby[35S]GTPgammaSbindingassay,ChEMBL,359,7,4,5,2.8,Cc1nc(N)sc1CCCNC(=N)NC(=O)C[C@@H](C)c1ccccc1,10.1016/j.bmcl.2010.03.082
155544839,174222,0,None,2,2,Human,5.3,pEC50,=,5.3,Functional,AgonistactivityatrecombinanthumanGs-coupledH2receptorexpressedinHEK293Tcellsassessedasinhibitionofforskolin-stimulatedcAMPaccumulationpreincubatedfor10to15followedbyforskolin-stimulationbyGlo-sensorassayAgonistactivityatrecombinanthumanGs-coupledH2receptorexpressedinHEK293Tcellsassessedasinhibitionofforskolin-stimulatedcAMPaccumulationpreincubatedfor10to15followedbyforskolin-stimulationbyGlo-sensorassay,ChEMBL,284,2,1,5,3.1,CC1CCCc2c(-c3ccc([N+](=O)[O-])cc3)nc(N)nc21,10.1021/acs.jmedchem.9b00241
CHEMBL4565419,174222,0,None,2,2,Human,5.3,pEC50,=,5.3,Functional,AgonistactivityatrecombinanthumanGs-coupledH2receptorexpressedinHEK293Tcellsassessedasinhibitionofforskolin-stimulatedcAMPaccumulationpreincubatedfor10to15followedbyforskolin-stimulationbyGlo-sensorassayAgonistactivityatrecombinanthumanGs-coupledH2receptorexpressedinHEK293Tcellsassessedasinhibitionofforskolin-stimulatedcAMPaccumulationpreincubatedfor10to15followedbyforskolin-stimulationbyGlo-sensorassay,ChEMBL,284,2,1,5,3.1,CC1CCCc2c(-c3ccc([N+](=O)[O-])cc3)nc(N)nc21,10.1021/acs.jmedchem.9b00241
56954320,81585,0,None,-17,4,Human,7.3,pEC50,=,7.3,Functional,AgonistactivityathumanH2R-GsalphasexpressedinSf9cellsat0.1nMto10uMbysteadystateGTPaseactivityassayAgonistactivityathumanH2R-GsalphasexpressedinSf9cellsat0.1nMto10uMbysteadystateGTPaseactivityassay,ChEMBL,472,15,6,4,0.9,N/C(=N\C(=O)CCCCCCC(=O)/N=C(\N)NCCCc1c[nH]cn1)NCCCc1c[nH]cn1,10.1021/jm201128q
CHEMBL2165641,81585,0,None,-17,4,Human,7.3,pEC50,=,7.3,Functional,AgonistactivityathumanH2R-GsalphasexpressedinSf9cellsat0.1nMto10uMbysteadystateGTPaseactivityassayAgonistactivityathumanH2R-GsalphasexpressedinSf9cellsat0.1nMto10uMbysteadystateGTPaseactivityassay,ChEMBL,472,15,6,4,0.9,N/C(=N\C(=O)CCCCCCC(=O)/N=C(\N)NCCCc1c[nH]cn1)NCCCc1c[nH]cn1,10.1021/jm201128q
56953887,81591,0,None,-22,2,Human,7.2,pEC50,=,7.2,Functional,AgonistactivityathumanH2R-GsalphasexpressedinSf9cellsat0.1nMto10uMbysteadystateGTPaseactivityassayAgonistactivityathumanH2R-GsalphasexpressedinSf9cellsat0.1nMto10uMbysteadystateGTPaseactivityassay,ChEMBL,536,13,6,8,1.4,Cc1nc(N)sc1CCCN/C(N)=N/C(=O)CCCCC(=O)/N=C(\N)NCCCc1sc(N)nc1C,10.1021/jm201128q
CHEMBL2165647,81591,0,None,-22,2,Human,7.2,pEC50,=,7.2,Functional,AgonistactivityathumanH2R-GsalphasexpressedinSf9cellsat0.1nMto10uMbysteadystateGTPaseactivityassayAgonistactivityathumanH2R-GsalphasexpressedinSf9cellsat0.1nMto10uMbysteadystateGTPaseactivityassay,ChEMBL,536,13,6,8,1.4,Cc1nc(N)sc1CCCN/C(N)=N/C(=O)CCCCC(=O)/N=C(\N)NCCCc1sc(N)nc1C,10.1021/jm201128q
56954322,81586,0,None,-7,4,Human,8.2,pEC50,=,8.2,Functional,AgonistactivityathumanH2R-GsalphasexpressedinSf9cellsat0.1nMto10uMbysteadystateGTPaseactivityassayAgonistactivityathumanH2R-GsalphasexpressedinSf9cellsat0.1nMto10uMbysteadystateGTPaseactivityassay,ChEMBL,500,17,6,4,1.7,N/C(=N\C(=O)CCCCCCCCC(=O)/N=C(\N)NCCCc1c[nH]cn1)NCCCc1c[nH]cn1,10.1021/jm201128q
CHEMBL2165642,81586,0,None,-7,4,Human,8.2,pEC50,=,8.2,Functional,AgonistactivityathumanH2R-GsalphasexpressedinSf9cellsat0.1nMto10uMbysteadystateGTPaseactivityassayAgonistactivityathumanH2R-GsalphasexpressedinSf9cellsat0.1nMto10uMbysteadystateGTPaseactivityassay,ChEMBL,500,17,6,4,1.7,N/C(=N\C(=O)CCCCCCCCC(=O)/N=C(\N)NCCCc1c[nH]cn1)NCCCc1c[nH]cn1,10.1021/jm201128q
46887043,8647,0,None,-1,5,Human,8.2,pEC50,=,8.2,Functional,AgonistactivityatGsalphaS-fusedhumanhistamineH2receptorexpressedinSf9cellsby[35S]GTPgammaSbindingassayAgonistactivityatGsalphaS-fusedhumanhistamineH2receptorexpressedinSf9cellsby[35S]GTPgammaSbindingassay,ChEMBL,319,7,4,3,2.6,C[C@@H](CC(=O)NC(=N)NCCCc1c[nH]cn1)C1CCCCC1,10.1016/j.bmcl.2010.03.082
CHEMBL1096431,8647,0,None,-1,5,Human,8.2,pEC50,=,8.2,Functional,AgonistactivityatGsalphaS-fusedhumanhistamineH2receptorexpressedinSf9cellsby[35S]GTPgammaSbindingassayAgonistactivityatGsalphaS-fusedhumanhistamineH2receptorexpressedinSf9cellsby[35S]GTPgammaSbindingassay,ChEMBL,319,7,4,3,2.6,C[C@@H](CC(=O)NC(=N)NCCCc1c[nH]cn1)C1CCCCC1,10.1016/j.bmcl.2010.03.082
CHEMBL4853107,184160,0,None,3,3,Human,7.2,pEC50,=,7.2,Functional,Agonistactivityathumanhistaminereceptorexpressedinsf9insectcellmembranesco-exprssingGsalphaSincubatedfor90mins[35S]GTPgammaSbindingbasedmicrobetascintillationcountinganalysisAgonistactivityathumanhistaminereceptorexpressedinsf9insectcellmembranesco-exprssingGsalphaSincubatedfor90mins[35S]GTPgammaSbindingbasedmicrobetascintillationcountinganalysis,ChEMBL,402,8,4,4,2.8,Cc1ccc(CC(C)CNC(=O)/N=C(\N)NCCCc2sc(N)nc2C)cc1,10.1016/j.ejmech.2021.113190
25149712,178247,0,None,-25,4,Human,7.2,pEC50,=,7.2,Functional,AgonistactivityathumanhistamineH2receptorexpressedinSf9cellscoexpressingGsalphasbysteady-stateGTPaseactivityassayAgonistactivityathumanhistamineH2receptorexpressedinSf9cellscoexpressingGsalphasbysteady-stateGTPaseactivityassay,ChEMBL,299,7,4,3,1.6,N=C(NCCCc1c[nH]cn1)NC(=O)CCc1ccccc1,10.1016/j.bmcl.2010.10.041
CHEMBL470790,178247,0,None,-25,4,Human,7.2,pEC50,=,7.2,Functional,AgonistactivityathumanhistamineH2receptorexpressedinSf9cellscoexpressingGsalphasbysteady-stateGTPaseactivityassayAgonistactivityathumanhistamineH2receptorexpressedinSf9cellscoexpressingGsalphasbysteady-stateGTPaseactivityassay,ChEMBL,299,7,4,3,1.6,N=C(NCCCc1c[nH]cn1)NC(=O)CCc1ccccc1,10.1016/j.bmcl.2010.10.041
25149335,183483,0,None,-26,4,Human,7.2,pEC50,=,7.2,Functional,AgonistactivityathumanhistamineH2receptorexpressedinSf9cellscoexpressingGsalphasbysteady-stateGTPaseactivityassayAgonistactivityathumanhistamineH2receptorexpressedinSf9cellscoexpressingGsalphasbysteady-stateGTPaseactivityassay,ChEMBL,313,7,3,2,2.0,CC(CC(=O)/N=C(\N)NCCCc1c[nH]cn1)c1ccccc1,10.1016/j.bmcl.2010.10.041
CHEMBL483406,183483,0,None,-26,4,Human,7.2,pEC50,=,7.2,Functional,AgonistactivityathumanhistamineH2receptorexpressedinSf9cellscoexpressingGsalphasbysteady-stateGTPaseactivityassayAgonistactivityathumanhistamineH2receptorexpressedinSf9cellscoexpressingGsalphasbysteady-stateGTPaseactivityassay,ChEMBL,313,7,3,2,2.0,CC(CC(=O)/N=C(\N)NCCCc1c[nH]cn1)c1ccccc1,10.1016/j.bmcl.2010.10.041
CHEMBL4875600,185635,0,None,-2,4,Human,7.2,pEC50,=,7.2,Functional,AgonistactivityathumanhistamineH2receptorexpressedinHEK293Tcellsco-expressingELucCbybetaarrestin2recruitmentassayAgonistactivityathumanhistamineH2receptorexpressedinHEK293Tcellsco-expressingELucCbybetaarrestin2recruitmentassay,ChEMBL,378,6,4,4,2.5,Cc1nc(N)sc1CCCN/C(N)=N/C(=O)NC(C)c1cccc(F)c1,10.1016/j.ejmech.2021.113190
44482299,5633,0,None,-,1,Human,6.2,pEC50,=,6.2,Functional,AgonistactivityathumanhistamineH2receptorexpressedinSf9cellscoexpressingGsalphaSproteinbysteady-stateGTPaseassayAgonistactivityathumanhistamineH2receptorexpressedinSf9cellscoexpressingGsalphaSproteinbysteady-stateGTPaseassay,ChEMBL,328,8,4,2,1.6,NC(=O)/N=C(/NCCCc1ccccc1)NCCCc1c[nH]cn1,10.1021/jm900526h
CHEMBL1078359,5633,0,None,-,1,Human,6.2,pEC50,=,6.2,Functional,AgonistactivityathumanhistamineH2receptorexpressedinSf9cellscoexpressingGsalphaSproteinbysteady-stateGTPaseassayAgonistactivityathumanhistamineH2receptorexpressedinSf9cellscoexpressingGsalphaSproteinbysteady-stateGTPaseassay,ChEMBL,328,8,4,2,1.6,NC(=O)/N=C(/NCCCc1ccccc1)NCCCc1c[nH]cn1,10.1021/jm900526h
1204,1879,109,None,-64,11,Human,6.2,pEC50,=,6.2,Functional,AgonistactivityathumanH2receptorexpressedin293-EBNAcellsbyluciferasereportergeneassayAgonistactivityathumanH2receptorexpressedin293-EBNAcellsbyluciferasereportergeneassay,ChEMBL,111,2,2,2,-0.1,NCCc1cnc[nH]1,10.1021/jm0603318
1247,1879,109,None,-64,11,Human,6.2,pEC50,=,6.2,Functional,AgonistactivityathumanH2receptorexpressedin293-EBNAcellsbyluciferasereportergeneassayAgonistactivityathumanH2receptorexpressedin293-EBNAcellsbyluciferasereportergeneassay,ChEMBL,111,2,2,2,-0.1,NCCc1cnc[nH]1,10.1021/jm0603318
1375,1879,109,None,-64,11,Human,6.2,pEC50,=,6.2,Functional,AgonistactivityathumanH2receptorexpressedin293-EBNAcellsbyluciferasereportergeneassayAgonistactivityathumanH2receptorexpressedin293-EBNAcellsbyluciferasereportergeneassay,ChEMBL,111,2,2,2,-0.1,NCCc1cnc[nH]1,10.1021/jm0603318
774,1879,109,None,-64,11,Human,6.2,pEC50,=,6.2,Functional,AgonistactivityathumanH2receptorexpressedin293-EBNAcellsbyluciferasereportergeneassayAgonistactivityathumanH2receptorexpressedin293-EBNAcellsbyluciferasereportergeneassay,ChEMBL,111,2,2,2,-0.1,NCCc1cnc[nH]1,10.1021/jm0603318
CHEMBL90,1879,109,None,-64,11,Human,6.2,pEC50,=,6.2,Functional,AgonistactivityathumanH2receptorexpressedin293-EBNAcellsbyluciferasereportergeneassayAgonistactivityathumanH2receptorexpressedin293-EBNAcellsbyluciferasereportergeneassay,ChEMBL,111,2,2,2,-0.1,NCCc1cnc[nH]1,10.1021/jm0603318
DB05381,1879,109,None,-64,11,Human,6.2,pEC50,=,6.2,Functional,AgonistactivityathumanH2receptorexpressedin293-EBNAcellsbyluciferasereportergeneassayAgonistactivityathumanH2receptorexpressedin293-EBNAcellsbyluciferasereportergeneassay,ChEMBL,111,2,2,2,-0.1,NCCc1cnc[nH]1,10.1021/jm0603318
56954515,81571,0,None,-14,4,Human,8.1,pEC50,=,8.1,Functional,AgonistactivityathumanH2R-GsalphasexpressedinSf9cellsat0.1nMto10uMbysteadystateGTPaseactivityassayAgonistactivityathumanH2R-GsalphasexpressedinSf9cellsat0.1nMto10uMbysteadystateGTPaseactivityassay,ChEMBL,546,17,6,6,2.3,Cc1nc(N)sc1CCCN/C(N)=N/C(=O)CCCCCCCCC(=O)/N=C(\N)NCCCc1c[nH]cn1,10.1021/jm201128q
CHEMBL2165628,81571,0,None,-14,4,Human,8.1,pEC50,=,8.1,Functional,AgonistactivityathumanH2R-GsalphasexpressedinSf9cellsat0.1nMto10uMbysteadystateGTPaseactivityassayAgonistactivityathumanH2R-GsalphasexpressedinSf9cellsat0.1nMto10uMbysteadystateGTPaseactivityassay,ChEMBL,546,17,6,6,2.3,Cc1nc(N)sc1CCCN/C(N)=N/C(=O)CCCCCCCCC(=O)/N=C(\N)NCCCc1c[nH]cn1,10.1021/jm201128q
56954000,81575,0,None,-10,2,Human,8.1,pEC50,=,8.1,Functional,AgonistactivityathumanH2R-GsalphasexpressedinSf9cellsat0.1nMto10uMbysteadystateGTPaseactivityassayAgonistactivityathumanH2R-GsalphasexpressedinSf9cellsat0.1nMto10uMbysteadystateGTPaseactivityassay,ChEMBL,592,17,6,8,2.9,Cc1nc(N)sc1CCCN/C(N)=N/C(=O)CCCCCCCCC(=O)/N=C(\N)NCCCc1sc(N)nc1C,10.1021/jm201128q
CHEMBL2165632,81575,0,None,-10,2,Human,8.1,pEC50,=,8.1,Functional,AgonistactivityathumanH2R-GsalphasexpressedinSf9cellsat0.1nMto10uMbysteadystateGTPaseactivityassayAgonistactivityathumanH2R-GsalphasexpressedinSf9cellsat0.1nMto10uMbysteadystateGTPaseactivityassay,ChEMBL,592,17,6,8,2.9,Cc1nc(N)sc1CCCN/C(N)=N/C(=O)CCCCCCCCC(=O)/N=C(\N)NCCCc1sc(N)nc1C,10.1021/jm201128q
44480707,5659,0,None,-5,2,Human,5.1,pEC50,=,5.1,Functional,AgonistactivityathumanhistamineH2receptorexpressedinSf9cellscoexpressingGsalphaSproteinbysteady-stateGTPaseassayAgonistactivityathumanhistamineH2receptorexpressedinSf9cellscoexpressingGsalphaSproteinbysteady-stateGTPaseassay,ChEMBL,328,8,3,4,2.2,N#C/N=C(/NCCCc1c[nH]cn1)NCCSc1ccccc1,10.1021/jm900526h
CHEMBL1078529,5659,0,None,-5,2,Human,5.1,pEC50,=,5.1,Functional,AgonistactivityathumanhistamineH2receptorexpressedinSf9cellscoexpressingGsalphaSproteinbysteady-stateGTPaseassayAgonistactivityathumanhistamineH2receptorexpressedinSf9cellscoexpressingGsalphaSproteinbysteady-stateGTPaseassay,ChEMBL,328,8,3,4,2.2,N#C/N=C(/NCCCc1c[nH]cn1)NCCSc1ccccc1,10.1021/jm900526h
155525816,170337,0,None,7,2,Human,7.1,pEC50,=,7.1,Functional,AgonistactivityatrecombinanthumanGs-coupledH2receptorexpressedinHEK293Tcellsassessedasinhibitionofforskolin-stimulatedcAMPaccumulationpreincubatedfor10to15followedbyforskolin-stimulationbyGlo-sensorassayAgonistactivityatrecombinanthumanGs-coupledH2receptorexpressedinHEK293Tcellsassessedasinhibitionofforskolin-stimulatedcAMPaccumulationpreincubatedfor10to15followedbyforskolin-stimulationbyGlo-sensorassay,ChEMBL,257,1,1,3,3.3,CC1CCCc2c(-c3ccc(F)cc3)nc(N)nc21,10.1021/acs.jmedchem.9b00241
CHEMBL4456972,170337,0,None,7,2,Human,7.1,pEC50,=,7.1,Functional,AgonistactivityatrecombinanthumanGs-coupledH2receptorexpressedinHEK293Tcellsassessedasinhibitionofforskolin-stimulatedcAMPaccumulationpreincubatedfor10to15followedbyforskolin-stimulationbyGlo-sensorassayAgonistactivityatrecombinanthumanGs-coupledH2receptorexpressedinHEK293Tcellsassessedasinhibitionofforskolin-stimulatedcAMPaccumulationpreincubatedfor10to15followedbyforskolin-stimulationbyGlo-sensorassay,ChEMBL,257,1,1,3,3.3,CC1CCCc2c(-c3ccc(F)cc3)nc(N)nc21,10.1021/acs.jmedchem.9b00241
155553964,174734,0,None,11,2,Human,7.1,pEC50,=,7.1,Functional,AgonistactivityatrecombinanthumanGs-coupledH2receptorexpressedinHEK293Tcellsassessedasinhibitionofforskolin-stimulatedcAMPaccumulationpreincubatedfor10to15followedbyforskolin-stimulationbyGlo-sensorassayAgonistactivityatrecombinanthumanGs-coupledH2receptorexpressedinHEK293Tcellsassessedasinhibitionofforskolin-stimulatedcAMPaccumulationpreincubatedfor10to15followedbyforskolin-stimulationbyGlo-sensorassay,ChEMBL,273,1,1,3,3.8,CC1CCCc2c(-c3ccc(Cl)cc3)nc(N)nc21,10.1021/acs.jmedchem.9b00241
CHEMBL4576986,174734,0,None,11,2,Human,7.1,pEC50,=,7.1,Functional,AgonistactivityatrecombinanthumanGs-coupledH2receptorexpressedinHEK293Tcellsassessedasinhibitionofforskolin-stimulatedcAMPaccumulationpreincubatedfor10to15followedbyforskolin-stimulationbyGlo-sensorassayAgonistactivityatrecombinanthumanGs-coupledH2receptorexpressedinHEK293Tcellsassessedasinhibitionofforskolin-stimulatedcAMPaccumulationpreincubatedfor10to15followedbyforskolin-stimulationbyGlo-sensorassay,ChEMBL,273,1,1,3,3.8,CC1CCCc2c(-c3ccc(Cl)cc3)nc(N)nc21,10.1021/acs.jmedchem.9b00241
46830167,8645,0,None,-42,5,Human,7.1,pEC50,=,7.1,Functional,AgonistactivityatGsalphaS-fusedhumanhistamineH2receptorexpressedinSf9cellsby[35S]GTPgammaSbindingassayAgonistactivityatGsalphaS-fusedhumanhistamineH2receptorexpressedinSf9cellsby[35S]GTPgammaSbindingassay,ChEMBL,313,7,4,3,2.2,C[C@@H](CC(=O)NC(=N)NCCCc1c[nH]cn1)c1ccccc1,10.1016/j.bmcl.2010.03.082
CHEMBL1096429,8645,0,None,-42,5,Human,7.1,pEC50,=,7.1,Functional,AgonistactivityatGsalphaS-fusedhumanhistamineH2receptorexpressedinSf9cellsby[35S]GTPgammaSbindingassayAgonistactivityatGsalphaS-fusedhumanhistamineH2receptorexpressedinSf9cellsby[35S]GTPgammaSbindingassay,ChEMBL,313,7,4,3,2.2,C[C@@H](CC(=O)NC(=N)NCCCc1c[nH]cn1)c1ccccc1,10.1016/j.bmcl.2010.03.082
25149521,178313,0,None,-9,3,Human,7.1,pEC50,=,7.1,Functional,AgonistactivityathumanhistamineH2receptorexpressedinSf9cellscoexpressingGsalphasbysteady-stateGTPaseactivityassayAgonistactivityathumanhistamineH2receptorexpressedinSf9cellscoexpressingGsalphasbysteady-stateGTPaseactivityassay,ChEMBL,375,8,4,3,3.2,N=C(NCCCc1c[nH]cn1)NC(=O)CC(c1ccccc1)c1ccccc1,10.1016/j.bmcl.2010.10.041
CHEMBL471413,178313,0,None,-9,3,Human,7.1,pEC50,=,7.1,Functional,AgonistactivityathumanhistamineH2receptorexpressedinSf9cellscoexpressingGsalphasbysteady-stateGTPaseactivityassayAgonistactivityathumanhistamineH2receptorexpressedinSf9cellscoexpressingGsalphasbysteady-stateGTPaseactivityassay,ChEMBL,375,8,4,3,3.2,N=C(NCCCc1c[nH]cn1)NC(=O)CC(c1ccccc1)c1ccccc1,10.1016/j.bmcl.2010.10.041
155525816,170337,0,None,7,2,Human,7.1,pEC50,=,7.1,Functional,AgonistactivityatrecombinanthumanGs-coupledH2receptorexpressedinHEK293Tcellsassessedasinhibitionofforskolin-stimulatedcAMPaccumulationpreincubatedfor10to15followedbyforskolin-stimulationbyGlo-sensorassayAgonistactivityatrecombinanthumanGs-coupledH2receptorexpressedinHEK293Tcellsassessedasinhibitionofforskolin-stimulatedcAMPaccumulationpreincubatedfor10to15followedbyforskolin-stimulationbyGlo-sensorassay,ChEMBL,257,1,1,3,3.3,CC1CCCc2c(-c3ccc(F)cc3)nc(N)nc21,10.1021/acs.jmedchem.9b00241
CHEMBL4456972,170337,0,None,7,2,Human,7.1,pEC50,=,7.1,Functional,AgonistactivityatrecombinanthumanGs-coupledH2receptorexpressedinHEK293Tcellsassessedasinhibitionofforskolin-stimulatedcAMPaccumulationpreincubatedfor10to15followedbyforskolin-stimulationbyGlo-sensorassayAgonistactivityatrecombinanthumanGs-coupledH2receptorexpressedinHEK293Tcellsassessedasinhibitionofforskolin-stimulatedcAMPaccumulationpreincubatedfor10to15followedbyforskolin-stimulationbyGlo-sensorassay,ChEMBL,257,1,1,3,3.3,CC1CCCc2c(-c3ccc(F)cc3)nc(N)nc21,10.1021/acs.jmedchem.9b00241
155553964,174734,0,None,11,2,Human,7.1,pEC50,=,7.1,Functional,AgonistactivityatrecombinanthumanGs-coupledH2receptorexpressedinHEK293Tcellsassessedasinhibitionofforskolin-stimulatedcAMPaccumulationpreincubatedfor10to15followedbyforskolin-stimulationbyGlo-sensorassayAgonistactivityatrecombinanthumanGs-coupledH2receptorexpressedinHEK293Tcellsassessedasinhibitionofforskolin-stimulatedcAMPaccumulationpreincubatedfor10to15followedbyforskolin-stimulationbyGlo-sensorassay,ChEMBL,273,1,1,3,3.8,CC1CCCc2c(-c3ccc(Cl)cc3)nc(N)nc21,10.1021/acs.jmedchem.9b00241
CHEMBL4576986,174734,0,None,11,2,Human,7.1,pEC50,=,7.1,Functional,AgonistactivityatrecombinanthumanGs-coupledH2receptorexpressedinHEK293Tcellsassessedasinhibitionofforskolin-stimulatedcAMPaccumulationpreincubatedfor10to15followedbyforskolin-stimulationbyGlo-sensorassayAgonistactivityatrecombinanthumanGs-coupledH2receptorexpressedinHEK293Tcellsassessedasinhibitionofforskolin-stimulatedcAMPaccumulationpreincubatedfor10to15followedbyforskolin-stimulationbyGlo-sensorassay,ChEMBL,273,1,1,3,3.8,CC1CCCc2c(-c3ccc(Cl)cc3)nc(N)nc21,10.1021/acs.jmedchem.9b00241
155565842,174893,0,None,-5,2,Human,6.1,pEC50,=,6.1,Functional,AgonistactivityatrecombinanthumanGs-coupledH2receptorexpressedinHEK293Tcellsassessedasinhibitionofforskolin-stimulatedcAMPaccumulationpreincubatedfor10to15followedbyforskolin-stimulationbyGlo-sensorassayAgonistactivityatrecombinanthumanGs-coupledH2receptorexpressedinHEK293Tcellsassessedasinhibitionofforskolin-stimulatedcAMPaccumulationpreincubatedfor10to15followedbyforskolin-stimulationbyGlo-sensorassay,ChEMBL,317,1,1,3,3.9,CC1CCCc2c(-c3cccc(Br)c3)nc(N)nc21,10.1021/acs.jmedchem.9b00241
CHEMBL4580450,174893,0,None,-5,2,Human,6.1,pEC50,=,6.1,Functional,AgonistactivityatrecombinanthumanGs-coupledH2receptorexpressedinHEK293Tcellsassessedasinhibitionofforskolin-stimulatedcAMPaccumulationpreincubatedfor10to15followedbyforskolin-stimulationbyGlo-sensorassayAgonistactivityatrecombinanthumanGs-coupledH2receptorexpressedinHEK293Tcellsassessedasinhibitionofforskolin-stimulatedcAMPaccumulationpreincubatedfor10to15followedbyforskolin-stimulationbyGlo-sensorassay,ChEMBL,317,1,1,3,3.9,CC1CCCc2c(-c3cccc(Br)c3)nc(N)nc21,10.1021/acs.jmedchem.9b00241
CHEMBL4853668,184200,0,None,-3,4,Human,7.1,pEC50,=,7.1,Functional,AgonistactivityathumanhistamineH2receptorexpressedinHEK293Tcellsco-expressingELucCbybetaarrestin2recruitmentassayAgonistactivityathumanhistamineH2receptorexpressedinHEK293Tcellsco-expressingELucCbybetaarrestin2recruitmentassay,ChEMBL,340,9,4,4,2.2,CCCCCCNC(=O)/N=C(\N)NCCCc1sc(N)nc1C,10.1016/j.ejmech.2021.113190
59868,93633,51,None,-,1,Human,5.1,pEC50,=,5.1,Functional,Agonistactivityathumanhistaminereceptorexpressedinsf9insectcellmembranesco-exprssingGsalphaSincubatedfor90mins[35S]GTPgammaSbindingbasedmicrobetascintillationcountinganalysisAgonistactivityathumanhistaminereceptorexpressedinsf9insectcellmembranesco-exprssingGsalphaSincubatedfor90mins[35S]GTPgammaSbindingbasedmicrobetascintillationcountinganalysis,ChEMBL,211,3,2,4,1.6,CCCN[C@@H]1CCc2nc(N)sc2C1,10.1016/j.ejmech.2021.113190
CHEMBL249420,93633,51,None,-,1,Human,5.1,pEC50,=,5.1,Functional,Agonistactivityathumanhistaminereceptorexpressedinsf9insectcellmembranesco-exprssingGsalphaSincubatedfor90mins[35S]GTPgammaSbindingbasedmicrobetascintillationcountinganalysisAgonistactivityathumanhistaminereceptorexpressedinsf9insectcellmembranesco-exprssingGsalphaSincubatedfor90mins[35S]GTPgammaSbindingbasedmicrobetascintillationcountinganalysis,ChEMBL,211,3,2,4,1.6,CCCN[C@@H]1CCc2nc(N)sc2C1,10.1016/j.ejmech.2021.113190
155532722,171069,0,None,3,2,Human,6.1,pEC50,=,6.1,Functional,AgonistactivityatrecombinanthumanGs-coupledH2receptorexpressedinHEK293Tcellsassessedasinhibitionofforskolin-stimulatedcAMPaccumulationpreincubatedfor10to15followedbyforskolin-stimulationbyGlo-sensorassayAgonistactivityatrecombinanthumanGs-coupledH2receptorexpressedinHEK293Tcellsassessedasinhibitionofforskolin-stimulatedcAMPaccumulationpreincubatedfor10to15followedbyforskolin-stimulationbyGlo-sensorassay,ChEMBL,253,1,1,3,3.5,Cc1ccc(-c2nc(N)nc3c2CCCC3C)cc1,10.1021/acs.jmedchem.9b00241
CHEMBL4467878,171069,0,None,3,2,Human,6.1,pEC50,=,6.1,Functional,AgonistactivityatrecombinanthumanGs-coupledH2receptorexpressedinHEK293Tcellsassessedasinhibitionofforskolin-stimulatedcAMPaccumulationpreincubatedfor10to15followedbyforskolin-stimulationbyGlo-sensorassayAgonistactivityatrecombinanthumanGs-coupledH2receptorexpressedinHEK293Tcellsassessedasinhibitionofforskolin-stimulatedcAMPaccumulationpreincubatedfor10to15followedbyforskolin-stimulationbyGlo-sensorassay,ChEMBL,253,1,1,3,3.5,Cc1ccc(-c2nc(N)nc3c2CCCC3C)cc1,10.1021/acs.jmedchem.9b00241
155532722,171069,0,None,3,2,Human,6.1,pEC50,=,6.1,Functional,AgonistactivityatrecombinanthumanGs-coupledH2receptorexpressedinHEK293Tcellsassessedasinhibitionofforskolin-stimulatedcAMPaccumulationpreincubatedfor10to15followedbyforskolin-stimulationbyGlo-sensorassayAgonistactivityatrecombinanthumanGs-coupledH2receptorexpressedinHEK293Tcellsassessedasinhibitionofforskolin-stimulatedcAMPaccumulationpreincubatedfor10to15followedbyforskolin-stimulationbyGlo-sensorassay,ChEMBL,253,1,1,3,3.5,Cc1ccc(-c2nc(N)nc3c2CCCC3C)cc1,10.1021/acs.jmedchem.9b00241
CHEMBL4467878,171069,0,None,3,2,Human,6.1,pEC50,=,6.1,Functional,AgonistactivityatrecombinanthumanGs-coupledH2receptorexpressedinHEK293Tcellsassessedasinhibitionofforskolin-stimulatedcAMPaccumulationpreincubatedfor10to15followedbyforskolin-stimulationbyGlo-sensorassayAgonistactivityatrecombinanthumanGs-coupledH2receptorexpressedinHEK293Tcellsassessedasinhibitionofforskolin-stimulatedcAMPaccumulationpreincubatedfor10to15followedbyforskolin-stimulationbyGlo-sensorassay,ChEMBL,253,1,1,3,3.5,Cc1ccc(-c2nc(N)nc3c2CCCC3C)cc1,10.1021/acs.jmedchem.9b00241
44481758,5611,0,None,-,1,Human,5.1,pEC50,=,5.1,Functional,AgonistactivityathumanhistamineH2receptorexpressedinSf9cellscoexpressingGsalphaSproteinbysteady-stateGTPaseassayAgonistactivityathumanhistamineH2receptorexpressedinSf9cellscoexpressingGsalphaSproteinbysteady-stateGTPaseassay,ChEMBL,324,9,3,3,2.4,N#C/N=C(\NCCCCc1ccccc1)NCCCc1c[nH]cn1,10.1021/jm900526h
CHEMBL1078212,5611,0,None,-,1,Human,5.1,pEC50,=,5.1,Functional,AgonistactivityathumanhistamineH2receptorexpressedinSf9cellscoexpressingGsalphaSproteinbysteady-stateGTPaseassayAgonistactivityathumanhistamineH2receptorexpressedinSf9cellscoexpressingGsalphaSproteinbysteady-stateGTPaseassay,ChEMBL,324,9,3,3,2.4,N#C/N=C(\NCCCCc1ccccc1)NCCCc1c[nH]cn1,10.1021/jm900526h
46887079,8396,0,None,2,4,Human,8.0,pEC50,=,8.0,Functional,AgonistactivityatGsalphaS-fusedhumanhistamineH2receptorexpressedinSf9cellsby[35S]GTPgammaSbindingassayAgonistactivityatGsalphaS-fusedhumanhistamineH2receptorexpressedinSf9cellsby[35S]GTPgammaSbindingassay,ChEMBL,365,7,4,5,3.2,Cc1nc(N)sc1CCCNC(=N)NC(=O)CC(C)C1CCCCC1,10.1016/j.bmcl.2010.03.082
CHEMBL1094142,8396,0,None,2,4,Human,8.0,pEC50,=,8.0,Functional,AgonistactivityatGsalphaS-fusedhumanhistamineH2receptorexpressedinSf9cellsby[35S]GTPgammaSbindingassayAgonistactivityatGsalphaS-fusedhumanhistamineH2receptorexpressedinSf9cellsby[35S]GTPgammaSbindingassay,ChEMBL,365,7,4,5,3.2,Cc1nc(N)sc1CCCNC(=N)NC(=O)CC(C)C1CCCCC1,10.1016/j.bmcl.2010.03.082
56954229,81581,0,None,-1,2,Human,7.0,pEC50,=,7.0,Functional,AgonistactivityathumanH2R-GsalphasexpressedinSf9cellsat0.1nMto10uMbysteadystateGTPaseactivityassayAgonistactivityathumanH2R-GsalphasexpressedinSf9cellsat0.1nMto10uMbysteadystateGTPaseactivityassay,ChEMBL,648,23,6,8,4.7,N/C(=N\C(=O)CCCCCCCCCCCCCCC(=O)/N=C(\N)NCCCc1cnc(N)s1)NCCCc1cnc(N)s1,10.1021/jm201128q
CHEMBL2165638,81581,0,None,-1,2,Human,7.0,pEC50,=,7.0,Functional,AgonistactivityathumanH2R-GsalphasexpressedinSf9cellsat0.1nMto10uMbysteadystateGTPaseactivityassayAgonistactivityathumanH2R-GsalphasexpressedinSf9cellsat0.1nMto10uMbysteadystateGTPaseactivityassay,ChEMBL,648,23,6,8,4.7,N/C(=N\C(=O)CCCCCCCCCCCCCCC(=O)/N=C(\N)NCCCc1cnc(N)s1)NCCCc1cnc(N)s1,10.1021/jm201128q
155559319,174142,0,None,13,2,Human,7.0,pEC50,=,7.0,Functional,AgonistactivityatrecombinanthumanGs-coupledH2receptorexpressedinHEK293Tcellsassessedasinhibitionofforskolin-stimulatedcAMPaccumulationpreincubatedfor10to15followedbyforskolin-stimulationbyGlo-sensorassayAgonistactivityatrecombinanthumanGs-coupledH2receptorexpressedinHEK293Tcellsassessedasinhibitionofforskolin-stimulatedcAMPaccumulationpreincubatedfor10to15followedbyforskolin-stimulationbyGlo-sensorassay,ChEMBL,239,1,1,3,3.2,CC1CCCc2c(-c3ccccc3)nc(N)nc21,10.1021/acs.jmedchem.9b00241
CHEMBL4563363,174142,0,None,13,2,Human,7.0,pEC50,=,7.0,Functional,AgonistactivityatrecombinanthumanGs-coupledH2receptorexpressedinHEK293Tcellsassessedasinhibitionofforskolin-stimulatedcAMPaccumulationpreincubatedfor10to15followedbyforskolin-stimulationbyGlo-sensorassayAgonistactivityatrecombinanthumanGs-coupledH2receptorexpressedinHEK293Tcellsassessedasinhibitionofforskolin-stimulatedcAMPaccumulationpreincubatedfor10to15followedbyforskolin-stimulationbyGlo-sensorassay,ChEMBL,239,1,1,3,3.2,CC1CCCc2c(-c3ccccc3)nc(N)nc21,10.1021/acs.jmedchem.9b00241
1204,1879,109,None,-64,11,Human,6.0,pEC50,=,6.0,Functional,Agonistactivityathumanhistaminereceptorexpressedinsf9insectcellmembranesco-exprssingGsalphaSincubatedfor90mins[35S]GTPgammaSbindingbasedmicrobetascintillationcountinganalysisAgonistactivityathumanhistaminereceptorexpressedinsf9insectcellmembranesco-exprssingGsalphaSincubatedfor90mins[35S]GTPgammaSbindingbasedmicrobetascintillationcountinganalysis,ChEMBL,111,2,2,2,-0.1,NCCc1cnc[nH]1,10.1016/j.ejmech.2021.113190
1247,1879,109,None,-64,11,Human,6.0,pEC50,=,6.0,Functional,Agonistactivityathumanhistaminereceptorexpressedinsf9insectcellmembranesco-exprssingGsalphaSincubatedfor90mins[35S]GTPgammaSbindingbasedmicrobetascintillationcountinganalysisAgonistactivityathumanhistaminereceptorexpressedinsf9insectcellmembranesco-exprssingGsalphaSincubatedfor90mins[35S]GTPgammaSbindingbasedmicrobetascintillationcountinganalysis,ChEMBL,111,2,2,2,-0.1,NCCc1cnc[nH]1,10.1016/j.ejmech.2021.113190
1375,1879,109,None,-64,11,Human,6.0,pEC50,=,6.0,Functional,Agonistactivityathumanhistaminereceptorexpressedinsf9insectcellmembranesco-exprssingGsalphaSincubatedfor90mins[35S]GTPgammaSbindingbasedmicrobetascintillationcountinganalysisAgonistactivityathumanhistaminereceptorexpressedinsf9insectcellmembranesco-exprssingGsalphaSincubatedfor90mins[35S]GTPgammaSbindingbasedmicrobetascintillationcountinganalysis,ChEMBL,111,2,2,2,-0.1,NCCc1cnc[nH]1,10.1016/j.ejmech.2021.113190
774,1879,109,None,-64,11,Human,6.0,pEC50,=,6.0,Functional,Agonistactivityathumanhistaminereceptorexpressedinsf9insectcellmembranesco-exprssingGsalphaSincubatedfor90mins[35S]GTPgammaSbindingbasedmicrobetascintillationcountinganalysisAgonistactivityathumanhistaminereceptorexpressedinsf9insectcellmembranesco-exprssingGsalphaSincubatedfor90mins[35S]GTPgammaSbindingbasedmicrobetascintillationcountinganalysis,ChEMBL,111,2,2,2,-0.1,NCCc1cnc[nH]1,10.1016/j.ejmech.2021.113190
CHEMBL90,1879,109,None,-64,11,Human,6.0,pEC50,=,6.0,Functional,Agonistactivityathumanhistaminereceptorexpressedinsf9insectcellmembranesco-exprssingGsalphaSincubatedfor90mins[35S]GTPgammaSbindingbasedmicrobetascintillationcountinganalysisAgonistactivityathumanhistaminereceptorexpressedinsf9insectcellmembranesco-exprssingGsalphaSincubatedfor90mins[35S]GTPgammaSbindingbasedmicrobetascintillationcountinganalysis,ChEMBL,111,2,2,2,-0.1,NCCc1cnc[nH]1,10.1016/j.ejmech.2021.113190
DB05381,1879,109,None,-64,11,Human,6.0,pEC50,=,6.0,Functional,Agonistactivityathumanhistaminereceptorexpressedinsf9insectcellmembranesco-exprssingGsalphaSincubatedfor90mins[35S]GTPgammaSbindingbasedmicrobetascintillationcountinganalysisAgonistactivityathumanhistaminereceptorexpressedinsf9insectcellmembranesco-exprssingGsalphaSincubatedfor90mins[35S]GTPgammaSbindingbasedmicrobetascintillationcountinganalysis,ChEMBL,111,2,2,2,-0.1,NCCc1cnc[nH]1,10.1016/j.ejmech.2021.113190
54754351,67804,0,None,-,0,Human,5.5,pKi,=,5.5,Functional,AntagonistactivityathistamineH2receptorAntagonistactivityathistamineH2receptor,ChEMBL,277,4,1,5,2.1,CN1CCN(c2cc(NCCC(C)(C)C)ncn2)CC1,10.1016/j.bmcl.2011.07.114
CHEMBL1915535,67804,0,None,-,0,Human,5.5,pKi,=,5.5,Functional,AntagonistactivityathistamineH2receptorAntagonistactivityathistamineH2receptor,ChEMBL,277,4,1,5,2.1,CN1CCN(c2cc(NCCC(C)(C)C)ncn2)CC1,10.1016/j.bmcl.2011.07.114
57395620,67803,0,None,-,0,Human,5.1,pKi,=,5.1,Functional,AntagonistactivityathistamineH2receptorAntagonistactivityathistamineH2receptor,ChEMBL,263,5,3,5,2.1,CC(C)(C)CCNc1cc(N[C@H]2CCNC2)ncn1,10.1016/j.bmcl.2011.07.114
CHEMBL1915534,67803,0,None,-,0,Human,5.1,pKi,=,5.1,Functional,AntagonistactivityathistamineH2receptorAntagonistactivityathistamineH2receptor,ChEMBL,263,5,3,5,2.1,CC(C)(C)CCNc1cc(N[C@H]2CCNC2)ncn1,10.1016/j.bmcl.2011.07.114
126688,400,25,None,1,3,Human,6.4,pEC50,=,6.4,Functional,UnclassifiedUnclassified,GuidetoPharmacology,157,2,2,4,0.5,NCCc1sc(nc1C)N,19072936
4025,400,25,None,1,3,Human,6.4,pEC50,=,6.4,Functional,UnclassifiedUnclassified,GuidetoPharmacology,157,2,2,4,0.5,NCCc1sc(nc1C)N,19072936
CHEMBL293762,400,25,None,1,3,Human,6.4,pEC50,=,6.4,Functional,UnclassifiedUnclassified,GuidetoPharmacology,157,2,2,4,0.5,NCCc1sc(nc1C)N,19072936
1229,727,0,None,-,1,Human,5.7,pEC50,None,5.7,Functional,UnclassifiedUnclassified,GuidetoPharmacology,262,5,3,2,2.0,CNC(=S)NCCCCc1cccc2c1cn[nH]2,9681472
5311293,727,0,None,-,1,Human,5.7,pEC50,None,5.7,Functional,UnclassifiedUnclassified,GuidetoPharmacology,262,5,3,2,2.0,CNC(=S)NCCCCc1cccc2c1cn[nH]2,9681472
18381,211922,0,None,1,4,Human,8.3,pIC50,=,8.3,Functional,NoneNone,DrugCentral,469,4,2,6,3.2,CC1=C(C(=O)N[C@H]2[C@H]3SC(C)(C)[C@@H](N3C2=O)C(O)=O)C(=NO1)C1=C(Cl)C=CC=C1Cl,None
30699,211915,0,None,-1,14,Human,8.3,pIC50,=,8.3,Functional,NoneNone,DrugCentral,423,7,2,8,0.5,CC(=O)OCC1=C(N2[C@H](SC1)[C@H](NC(=O)CSC1=CC=NC=C1)C2=O)C(O)=O,None
180,397,45,None,-151,27,Human,8.2,pIC50,=,8.2,Functional,NoneNone,DrugCentral,277,3,0,1,4.2,CN(CCC=C1c2ccccc2CCc2c1cccc2)C,None
200,397,45,None,-151,27,Human,8.2,pIC50,=,8.2,Functional,NoneNone,DrugCentral,277,3,0,1,4.2,CN(CCC=C1c2ccccc2CCc2c1cccc2)C,None
2160,397,45,None,-151,27,Human,8.2,pIC50,=,8.2,Functional,NoneNone,DrugCentral,277,3,0,1,4.2,CN(CCC=C1c2ccccc2CCc2c1cccc2)C,None
CHEMBL629,397,45,None,-151,27,Human,8.2,pIC50,=,8.2,Functional,NoneNone,DrugCentral,277,3,0,1,4.2,CN(CCC=C1c2ccccc2CCc2c1cccc2)C,None
DB00321,397,45,None,-151,27,Human,8.2,pIC50,=,8.2,Functional,NoneNone,DrugCentral,277,3,0,1,4.2,CN(CCC=C1c2ccccc2CCc2c1cccc2)C,None
46780481,106951,16,None,-,1,Human,8.1,pIC50,=,8.1,Functional,NoneNone,DrugCentral,285,0,0,2,4.3,CN1CC2c3ccccc3Oc3ccc(Cl)cc3C2C1,None
9903970,106951,16,None,-,1,Human,8.1,pIC50,=,8.1,Functional,NoneNone,DrugCentral,285,0,0,2,4.3,CN1CC2c3ccccc3Oc3ccc(Cl)cc3C2C1,None
CHEMBL3187365,106951,16,None,-,1,Human,8.1,pIC50,=,8.1,Functional,NoneNone,DrugCentral,285,0,0,2,4.3,CN1CC2c3ccccc3Oc3ccc(Cl)cc3C2C1,None
CHEMBL3544974,106951,16,None,-,1,Human,8.1,pIC50,=,8.1,Functional,NoneNone,DrugCentral,285,0,0,2,4.3,CN1CC2c3ccccc3Oc3ccc(Cl)cc3C2C1,None